-- phpMyAdmin SQL Dump
-- version 5.0.4deb2+deb11u2
-- https://www.phpmyadmin.net/
--
-- Host: localhost:3306
-- Generation Time: Jun 21, 2025 at 02:02 PM
-- Server version: 10.5.29-MariaDB-0+deb11u1
-- PHP Version: 7.4.33

SET SQL_MODE = "NO_AUTO_VALUE_ON_ZERO";
START TRANSACTION;
SET time_zone = "+00:00";


/*!40101 SET @OLD_CHARACTER_SET_CLIENT=@@CHARACTER_SET_CLIENT */;
/*!40101 SET @OLD_CHARACTER_SET_RESULTS=@@CHARACTER_SET_RESULTS */;
/*!40101 SET @OLD_COLLATION_CONNECTION=@@COLLATION_CONNECTION */;
/*!40101 SET NAMES utf8mb4 */;

--
-- Database: `localbuengkan`
--
CREATE DATABASE IF NOT EXISTS `localbuengkan` DEFAULT CHARACTER SET utf8mb4 COLLATE utf8mb4_unicode_ci;
USE `localbuengkan`;

-- --------------------------------------------------------

--
-- Table structure for table `administrator`
--

CREATE TABLE `administrator` (
  `a_id` int(11) NOT NULL,
  `a_name` varchar(150) NOT NULL,
  `a_username` varchar(100) NOT NULL,
  `a_password` varchar(255) NOT NULL,
  `a_email` varchar(100) NOT NULL,
  `a_phone` varchar(100) NOT NULL,
  `a_permission_level` varchar(50) NOT NULL,
  `a_status` enum('active','inactive') NOT NULL,
  `a_updated` timestamp NOT NULL DEFAULT current_timestamp() ON UPDATE current_timestamp()
) ENGINE=InnoDB DEFAULT CHARSET=utf8mb4 COLLATE=utf8mb4_unicode_ci;

--
-- Dumping data for table `administrator`
--

INSERT INTO `administrator` (`a_id`, `a_name`, `a_username`, `a_password`, `a_email`, `a_phone`, `a_permission_level`, `a_status`, `a_updated`) VALUES
(1, 'กานต์ ปานทอง', 'kan', '1234', 'kanpanthong3491@gmail.com', '089-8889999', '1', 'active', '2024-09-11 03:11:55');

-- --------------------------------------------------------

--
-- Table structure for table `admin_logs`
--

CREATE TABLE `admin_logs` (
  `log_id` int(11) NOT NULL,
  `admin_id` int(11) NOT NULL,
  `action` varchar(255) NOT NULL,
  `timestamp` datetime NOT NULL,
  `ip_address` varchar(45) DEFAULT NULL,
  `user_agent` text DEFAULT NULL
) ENGINE=InnoDB DEFAULT CHARSET=utf8mb4 COLLATE=utf8mb4_general_ci;

--
-- Dumping data for table `admin_logs`
--

INSERT INTO `admin_logs` (`log_id`, `admin_id`, `action`, `timestamp`, `ip_address`, `user_agent`) VALUES
(1, 1, 'approved guide registration', '2024-12-09 17:30:55', '192.168.0.1', 'Mozilla/5.0'),
(2, 1, 'approved guide registration', '2024-12-09 17:31:50', '192.168.0.1', 'Mozilla/5.0'),
(3, 1, 'edited product details', '2024-12-09 17:32:00', '192.168.0.2', 'Mozilla/5.0'),
(4, 1, 'approved tour booking', '2024-12-09 17:32:00', '192.168.0.3', 'Mozilla/5.0'),
(5, 1, 'edited product details', '2024-12-09 17:32:06', '192.168.0.2', 'Mozilla/5.0'),
(6, 1, 'approved tour booking', '2024-12-09 17:32:06', '192.168.0.3', 'Mozilla/5.0'),
(7, 1, 'edited product details', '2024-12-09 18:44:56', '192.168.0.2', 'Mozilla/5.0'),
(8, 1, 'approved tour booking', '2024-12-09 18:44:56', '192.168.0.3', 'Mozilla/5.0');

-- --------------------------------------------------------

--
-- Table structure for table `admin_permissions`
--

CREATE TABLE `admin_permissions` (
  `permission_id` int(11) NOT NULL,
  `admin_id` int(11) NOT NULL,
  `permission_key` varchar(255) NOT NULL COMMENT '''manage_users'', ''edit_content''',
  `description` text DEFAULT NULL COMMENT 'คำอธิบายสิทธิ์',
  `granted_at` datetime NOT NULL COMMENT 'วันที่ให้สิทธิ์'
) ENGINE=InnoDB DEFAULT CHARSET=utf8mb4 COLLATE=utf8mb4_unicode_ci;

--
-- Dumping data for table `admin_permissions`
--

INSERT INTO `admin_permissions` (`permission_id`, `admin_id`, `permission_key`, `description`, `granted_at`) VALUES
(1, 1, 'manage_users', 'สามารถจัดการผู้ใช้งานในระบบ', '2024-12-09 18:01:51'),
(2, 1, 'manage_products', 'จัดการสินค้าในระบบ', '2024-12-09 18:45:16'),
(3, 1, 'view_reports', 'ดูรายงานทั้งหมดในระบบ', '2024-12-09 18:45:16');

-- --------------------------------------------------------

--
-- Table structure for table `bookings`
--

CREATE TABLE `bookings` (
  `id` int(11) NOT NULL,
  `booking_date` datetime NOT NULL DEFAULT current_timestamp(),
  `start_date` date NOT NULL DEFAULT current_timestamp(),
  `end_date` date NOT NULL DEFAULT current_timestamp(),
  `total_price` decimal(10,2) NOT NULL,
  `fullname` varchar(255) NOT NULL,
  `phone` varchar(255) NOT NULL,
  `address` text NOT NULL,
  `booking_type` enum('regular','plan') NOT NULL,
  `order_status` enum('รอการชำระเงิน','ชำระเงินแล้ว','ยกเลิก') NOT NULL,
  `note` varchar(255) NOT NULL,
  `user_id` int(11) NOT NULL
) ENGINE=InnoDB DEFAULT CHARSET=utf8mb4 COLLATE=utf8mb4_unicode_ci;

--
-- Dumping data for table `bookings`
--

INSERT INTO `bookings` (`id`, `booking_date`, `start_date`, `end_date`, `total_price`, `fullname`, `phone`, `address`, `booking_type`, `order_status`, `note`, `user_id`) VALUES
(1, '2025-01-17 15:43:22', '0000-00-00', '0000-00-00', '1580.00', 'a', 'b', 'c', 'regular', 'รอการชำระเงิน', '', 5),
(2, '2025-01-17 16:05:57', '0000-00-00', '0000-00-00', '7700.00', '', '', '', 'regular', 'รอการชำระเงิน', '', 5),
(3, '2025-01-17 16:10:20', '0000-00-00', '0000-00-00', '7700.00', '', '', '', 'regular', 'รอการชำระเงิน', '', 5),
(4, '2025-01-17 16:11:13', '0000-00-00', '0000-00-00', '7700.00', '', '', '', 'regular', 'ยกเลิก', '', 7),
(5, '2025-01-17 16:16:36', '0000-00-00', '0000-00-00', '7700.00', '', '', '', 'regular', 'รอการชำระเงิน', '', 5),
(6, '2025-01-17 16:19:00', '0000-00-00', '0000-00-00', '7640.00', '', '', '', 'regular', 'ชำระเงินแล้ว', '', 5),
(7, '2025-01-17 16:19:41', '0000-00-00', '0000-00-00', '7640.00', 'a', 'b', 'c', 'regular', 'รอการชำระเงิน', '', 7),
(8, '2025-01-17 16:26:41', '2025-01-17', '2025-01-17', '4310.00', '', '', '', 'plan', 'ยกเลิก', '', 7),
(9, '2025-01-17 16:28:36', '2025-01-17', '2025-01-17', '4510.00', '', '', '', 'plan', 'ชำระเงินแล้ว', '', 7),
(10, '2025-01-17 16:31:58', '2025-01-17', '2025-01-17', '3420.00', '', '', '', 'plan', 'รอการชำระเงิน', '', 5),
(11, '2025-01-17 16:33:23', '2025-01-17', '2025-01-17', '4350.00', '', '', '', 'plan', 'รอการชำระเงิน', '', 5),
(12, '2025-01-17 16:37:03', '2025-01-17', '2025-01-17', '3110.00', '', '', '', 'plan', 'รอการชำระเงิน', '', 5),
(13, '2025-01-17 16:37:42', '2025-01-17', '2025-01-17', '3610.00', '', '', '', 'plan', 'รอการชำระเงิน', '', 5),
(14, '2025-01-17 16:38:01', '2025-01-17', '2025-01-17', '3310.00', '', '', '', 'plan', 'ชำระเงินแล้ว', '', 7),
(15, '2025-01-17 16:46:29', '2025-01-17', '2025-01-17', '3910.00', '', '', '', 'plan', 'รอการชำระเงิน', '', 5),
(16, '2025-01-17 16:46:59', '2025-01-17', '2025-01-17', '6920.00', '', '', '', 'plan', 'รอการชำระเงิน', '', 5),
(17, '2025-01-17 21:47:03', '0000-00-00', '0000-00-00', '15715.00', 'เอกพล คนโก้', '11', '22', 'regular', 'ชำระเงินแล้ว', '', 7),
(18, '2025-01-17 22:37:46', '2025-01-17', '2025-01-17', '7040.00', 'ปริญญา พาสอน', '0992228888', '44/5 กรุงเทพมหานคร', 'plan', 'รอการชำระเงิน', '', 8),
(19, '2025-01-18 09:02:32', '0000-00-00', '0000-00-00', '1920.00', 'ปริญญา พาสอน', '0992228888', '44/5 กรุงเทพมหานคร', 'regular', 'รอการชำระเงิน', '', 8),
(20, '2025-01-18 09:07:07', '2025-01-25', '2025-01-25', '3800.00', 'ปริญญา พาสอน', '0992228888', '44/5 กรุงเทพมหานคร', 'plan', 'ยกเลิก', 'รอนาน', 8),
(21, '2025-01-18 09:13:07', '2025-01-26', '2025-01-26', '5550.00', 'ปริญญา พาสอน', '0992228888', '44/5 กรุงเทพมหานคร', 'plan', 'ชำระเงินแล้ว', '', 8),
(24, '2025-01-18 09:22:50', '2025-01-26', '2025-01-26', '5700.00', 'ปริญญา พาสอน', '0992228888', '44/5 กรุงเทพมหานคร', 'plan', 'ยกเลิก', '', 8),
(25, '2025-01-18 09:27:53', '2025-01-26', '2025-01-26', '4800.00', 'ปริญญา พาสอน', '0992228888', '44/5 กรุงเทพมหานคร', 'plan', 'ชำระเงินแล้ว', '', 8),
(26, '2025-01-18 15:48:30', '2025-02-01', '2025-02-02', '13080.00', 'เอกพล คนโก้', '11', '22', 'plan', 'ยกเลิก', '', 7),
(27, '2025-01-18 18:06:14', '0000-00-00', '0000-00-00', '600.00', 'เอกพล คนโก้', '11', '22', 'regular', 'รอการชำระเงิน', '', 7),
(28, '2025-01-18 18:20:19', '2025-01-18', '2025-01-18', '3460.00', 'เอกพล คนโก้', '0997543322', '22 อ.เมือง จ.หนองคาย', 'plan', 'ชำระเงินแล้ว', '', 7),
(29, '2025-01-18 18:24:52', '2025-01-18', '2025-01-19', '8040.00', 'เอกพล คนโก้', '0997543322', '22 อ.เมือง จ.หนองคาย', 'plan', 'รอการชำระเงิน', '', 7),
(30, '2025-01-30 14:36:08', '2025-01-30', '2025-01-30', '5448.00', 'เอกพล คนโก้', '0997543322', '22 อ.เมือง จ.หนองคาย', 'regular', 'ชำระเงินแล้ว', '', 7),
(31, '2025-02-27 09:40:21', '2025-02-27', '2025-02-27', '2530.00', 'เอกพล คนโก้', '0997543322', '22 อ.เมือง จ.หนองคาย', 'regular', 'ชำระเงินแล้ว', '', 7),
(32, '2025-02-27 09:46:41', '2025-02-27', '2025-02-27', '1600.00', 'เอกพล คนโก้', '0997543322', '22 อ.เมือง จ.หนองคาย', 'regular', 'รอการชำระเงิน', '', 7),
(33, '2025-02-27 10:19:55', '2025-04-20', '2025-04-20', '4720.00', 'เอกพล คนโก้', '0997543322', '22 อ.เมือง จ.หนองคาย', 'plan', 'รอการชำระเงิน', '', 7),
(34, '2025-03-03 15:35:25', '2025-03-03', '2025-03-03', '810.00', 'เอกพล คนโก้', '0997543322', '22 อ.เมือง จ.หนองคาย', 'regular', 'รอการชำระเงิน', '', 7),
(35, '2025-03-03 15:45:57', '2025-03-03', '2025-03-03', '3600.00', 'เอกพล คนโก้', '0997543322', '22 อ.เมือง จ.หนองคาย', 'regular', 'รอการชำระเงิน', '', 7),
(36, '2025-03-03 16:10:55', '2025-03-08', '2025-03-09', '10690.00', 'เอกพล คนโก้', '0997543322', '22 อ.เมือง จ.หนองคาย', 'plan', 'ชำระเงินแล้ว', '', 7);

-- --------------------------------------------------------

--
-- Table structure for table `bookings1`
--

CREATE TABLE `bookings1` (
  `booking_id` int(11) NOT NULL,
  `customer_id` int(11) NOT NULL,
  `homestay_id` int(11) NOT NULL,
  `check_in` date NOT NULL,
  `check_out` date NOT NULL,
  `total_price` float NOT NULL,
  `status` enum('pending','confirmed','cancelled') NOT NULL
) ENGINE=InnoDB DEFAULT CHARSET=utf8mb4 COLLATE=utf8mb4_unicode_ci;

--
-- Dumping data for table `bookings1`
--

INSERT INTO `bookings1` (`booking_id`, `customer_id`, `homestay_id`, `check_in`, `check_out`, `total_price`, `status`) VALUES
(1, 1, 1, '2024-12-20', '2024-12-22', 3000, 'confirmed');

-- --------------------------------------------------------

--
-- Table structure for table `booking_details`
--

CREATE TABLE `booking_details` (
  `id` int(11) NOT NULL,
  `booking_id` int(11) NOT NULL,
  `booking_date` varchar(100) DEFAULT NULL,
  `booking_round` varchar(200) DEFAULT NULL,
  `type` enum('food','tour','homestay','product') NOT NULL,
  `item_id` int(11) DEFAULT NULL,
  `item_name` varchar(255) NOT NULL,
  `quantity` int(11) NOT NULL,
  `price_per_unit` decimal(10,2) NOT NULL,
  `total_price` decimal(10,2) NOT NULL,
  `datecheckin` varchar(200) DEFAULT NULL,
  `datecheckout` varchar(200) DEFAULT NULL,
  `night` varchar(100) DEFAULT NULL,
  `owner` int(11) NOT NULL DEFAULT 1 COMMENT 'ไกด์ID หรือเชฟID'
) ENGINE=InnoDB DEFAULT CHARSET=utf8mb4 COLLATE=utf8mb4_unicode_ci;

--
-- Dumping data for table `booking_details`
--

INSERT INTO `booking_details` (`id`, `booking_id`, `booking_date`, `booking_round`, `type`, `item_id`, `item_name`, `quantity`, `price_per_unit`, `total_price`, `datecheckin`, `datecheckout`, `night`, `owner`) VALUES
(1, 4, '2025-01-17 16:11:13', 'Breakfast', 'food', 3, 'ยำปลาสมุนไพร', 1, '200.00', '200.00', '', '', '', 1),
(2, 4, '2025-01-17 16:11:13', 'Breakfast', 'food', 6, 'ปลาน้ำโขงลวกจิ้ม', 1, '300.00', '300.00', '', '', '', 1),
(3, 4, '2025-01-17 16:11:13', '', 'homestay', 2, 'ไร่ลมเย็นโฮมสเตย์', 2, '900.00', '5400.00', '2025-01-24', '2025-01-27', '3', 1),
(4, 4, '2025-01-17 16:11:13', '', 'product', 1, 'น้ำอ้อยสด', 5, '30.00', '150.00', '', '', '', 1),
(5, 4, '2025-01-17 16:11:13', '', 'product', 3, 'ทุเรียนทอด', 1, '50.00', '50.00', '', '', '', 1),
(6, 4, '2025-01-17 16:11:13', 'Afternoon trip', 'tour', 1, 'ทริปเที่ยวภูทอก', 2, '800.00', '1600.00', '', '', '', 9),
(7, 5, '2025-01-17 16:16:36', 'Breakfast', 'food', 3, 'ยำปลาสมุนไพร', 1, '200.00', '200.00', '2025-01-17', '', '', 1),
(8, 5, '2025-01-17 16:16:36', 'Breakfast', 'food', 6, 'ปลาน้ำโขงลวกจิ้ม', 1, '300.00', '300.00', '2025-01-17', '', '', 1),
(9, 5, '2025-01-17 16:16:36', '', 'homestay', 2, 'ไร่ลมเย็นโฮมสเตย์', 2, '900.00', '5400.00', '2025-01-24', '2025-01-27', '3', 1),
(10, 5, '2025-01-17 16:16:36', '', 'product', 1, 'น้ำอ้อยสด', 5, '30.00', '150.00', '', '', '', 1),
(11, 5, '2025-01-17 16:16:36', '', 'product', 3, 'ทุเรียนทอด', 1, '50.00', '50.00', '', '', '', 1),
(12, 5, '2025-01-17 16:16:36', 'Afternoon trip', 'tour', 1, 'ทริปเที่ยวภูทอก', 2, '800.00', '1600.00', '2025-01-24', '', '', 9),
(13, 6, '2025-01-17 16:19:00', 'Breakfast', 'food', 3, 'ยำปลาสมุนไพร', 1, '200.00', '200.00', '2025-01-17', '', '', 1),
(14, 6, '2025-01-17 16:19:00', 'Breakfast', 'food', 6, 'ปลาน้ำโขงลวกจิ้ม', 1, '300.00', '300.00', '2025-01-17', '', '', 1),
(15, 6, '2025-01-17 16:19:00', '', 'homestay', 2, 'ไร่ลมเย็นโฮมสเตย์', 2, '900.00', '5400.00', '2025-01-24', '2025-01-27', '3', 1),
(16, 6, '2025-01-17 16:19:00', '', 'product', 1, 'น้ำอ้อยสด', 3, '30.00', '90.00', '', '', '', 1),
(17, 6, '2025-01-17 16:19:00', '', 'product', 3, 'ทุเรียนทอด', 1, '50.00', '50.00', '', '', '', 1),
(18, 6, '2025-01-17 16:19:00', 'Afternoon trip', 'tour', 1, 'ทริปเที่ยวภูทอก', 2, '800.00', '1600.00', '2025-01-24', '', '', 1),
(19, 7, '2025-01-17 16:19:41', 'Breakfast', 'food', 3, 'ยำปลาสมุนไพร', 1, '200.00', '200.00', '2025-01-17', '', '', 1),
(20, 7, '2025-01-17 16:19:41', 'Breakfast', 'food', 6, 'ปลาน้ำโขงลวกจิ้ม', 1, '300.00', '300.00', '2025-01-17', '', '', 1),
(21, 7, '2025-01-17 16:19:41', '', 'homestay', 2, 'ไร่ลมเย็นโฮมสเตย์', 2, '900.00', '5400.00', '2025-01-24', '2025-01-27', '3', 1),
(22, 7, '2025-01-17 16:19:41', '', 'product', 1, 'น้ำอ้อยสด', 3, '30.00', '90.00', '', '', '', 1),
(23, 7, '2025-01-17 16:19:41', '', 'product', 3, 'ทุเรียนทอด', 1, '50.00', '50.00', '', '', '', 1),
(24, 7, '2025-01-17 16:19:41', 'Afternoon trip', 'tour', 1, 'ทริปเที่ยวภูทอก', 2, '800.00', '1600.00', '2025-01-24', '', '', 1),
(25, 8, '2025-01-17', 'Breakfast', 'food', 15, 'ตำป่า', 1, '170.00', '170.00', '', '', '', 1),
(26, 8, '2025-01-17', 'Lunch', 'food', 15, 'ตำป่า', 1, '170.00', '170.00', '', '', '', 1),
(27, 8, '2025-01-17', 'Dinner', 'food', 15, 'ตำป่า', 1, '170.00', '170.00', '', '', '', 1),
(28, 8, '2025-01-17', 'Morning trip', 'tour', 9, 'ทริปถ้ำนาคา', 1, '500.00', '500.00', '', '', '', 1),
(29, 8, '2025-01-17', 'Afternoon Trip', 'tour', 9, 'ทริปถ้ำนาคา', 1, '500.00', '500.00', '', '', '', 9),
(30, 8, '2025-01-17', 'Accommodation', 'homestay', 6, 'ป่าไผ่ริมโขงโฮมสเตย์', 2, '1400.00', '2800.00', '', '', '', 1),
(31, 9, '2025-01-17', 'Breakfast', 'food', 15, 'ตำป่า', 1, '170.00', '170.00', '', '', '', 1),
(32, 9, '2025-01-17', 'Lunch', 'food', 15, 'ตำป่า', 1, '170.00', '170.00', '', '', '', 1),
(33, 9, '2025-01-17', 'Dinner', 'food', 15, 'ตำป่า', 1, '170.00', '170.00', '', '', '', 1),
(34, 9, '2025-01-17', 'Morning trip', 'tour', 14, 'ทริปถ้ำพระขาม', 1, '700.00', '700.00', '', '', '', 1),
(35, 9, '2025-01-17', 'Afternoon Trip', 'tour', 9, 'ทริปถ้ำนาคา', 1, '500.00', '500.00', '', '', '', 1),
(36, 9, '2025-01-17', 'Accommodation', 'homestay', 6, 'ป่าไผ่ริมโขงโฮมสเตย์', 2, '1400.00', '2800.00', '', '', '', 1),
(37, 10, '2025-01-17', 'Breakfast', 'food', 15, 'ตำป่า', 1, '170.00', '170.00', '', '', '', 1),
(38, 10, '2025-01-17', 'Lunch', 'food', 15, 'ตำป่า', 1, '170.00', '170.00', '', '', '', 1),
(39, 10, '2025-01-17', 'Dinner', 'food', 15, 'ตำป่า', 4, '170.00', '680.00', '', '', '', 1),
(40, 10, '2025-01-17', 'Morning trip', 'tour', 9, 'ทริปถ้ำนาคา', 1, '500.00', '500.00', '', '', '', 1),
(41, 10, '2025-01-17', 'Afternoon Trip', 'tour', 9, 'ทริปถ้ำนาคา', 1, '500.00', '500.00', '', '', '', 1),
(42, 10, '2025-01-17', 'Accommodation', 'homestay', 6, 'ป่าไผ่ริมโขงโฮมสเตย์', 1, '1400.00', '1400.00', '', '', '', 1),
(43, 11, '2025-01-17', 'Breakfast', 'food', 15, 'ตำป่า', 3, '170.00', '510.00', '2025-01-17', '', '', 1),
(44, 11, '2025-01-17', 'Lunch', 'food', 15, 'ตำป่า', 1, '170.00', '170.00', '2025-01-17', '', '', 1),
(45, 11, '2025-01-17', 'Dinner', 'food', 15, 'ตำป่า', 1, '170.00', '170.00', '2025-01-17', '', '', 1),
(46, 11, '2025-01-17', 'Morning trip', 'tour', 14, 'ทริปถ้ำพระขาม', 1, '700.00', '700.00', '2025-01-17', '', '', 1),
(47, 11, '2025-01-17', 'Afternoon Trip', 'tour', 14, 'ทริปถ้ำพระขาม', 2, '700.00', '1400.00', '2025-01-17', '', '', 1),
(48, 11, '2025-01-17', 'Accommodation', 'homestay', 6, 'ป่าไผ่ริมโขงโฮมสเตย์', 1, '1400.00', '1400.00', '2025-01-17', '', '', 1),
(49, 12, '2025-01-17', 'Breakfast', 'food', 15, 'ตำป่า', 1, '170.00', '170.00', '2025-01-17', '', '', 1),
(50, 12, '2025-01-17', 'Lunch', 'food', 15, 'ตำป่า', 1, '170.00', '170.00', '2025-01-17', '', '', 1),
(51, 12, '2025-01-17', 'Dinner', 'food', 15, 'ตำป่า', 1, '170.00', '170.00', '2025-01-17', '', '', 1),
(52, 12, '2025-01-17', 'Morning trip', 'tour', 9, 'ทริปถ้ำนาคา', 1, '500.00', '500.00', '2025-01-17', '', '', 1),
(53, 12, '2025-01-17', 'Afternoon Trip', 'tour', 14, 'ทริปถ้ำพระขาม', 1, '700.00', '700.00', '2025-01-17', '', '', 1),
(54, 12, '2025-01-17', 'Accommodation', 'homestay', 6, 'ป่าไผ่ริมโขงโฮมสเตย์', 1, '1400.00', '1400.00', '2025-01-17', '', '', 1),
(55, 13, '2025-01-17', 'Breakfast', 'food', 15, 'ตำป่า', 1, '170.00', '170.00', '2025-01-17', '', '', 1),
(56, 13, '2025-01-17', 'Lunch', 'food', 15, 'ตำป่า', 1, '170.00', '170.00', '2025-01-17', '', '', 1),
(57, 13, '2025-01-17', 'Dinner', 'food', 15, 'ตำป่า', 1, '170.00', '170.00', '2025-01-17', '', '', 1),
(58, 13, '2025-01-17', 'Morning trip', 'tour', 2, 'ทริปน้ำตกถ้ำพระ', 1, '1000.00', '1000.00', '2025-01-17', '', '', 9),
(59, 13, '2025-01-17', 'Afternoon Trip', 'tour', 14, 'ทริปถ้ำพระขาม', 1, '700.00', '700.00', '2025-01-17', '', '', 1),
(60, 13, '2025-01-17', 'Accommodation', 'homestay', 6, 'ป่าไผ่ริมโขงโฮมสเตย์', 1, '1400.00', '1400.00', '2025-01-17', '', '', 1),
(61, 14, '2025-01-17', 'Breakfast', 'food', 15, 'ตำป่า', 1, '170.00', '170.00', '2025-01-17', '', '', 1),
(62, 14, '2025-01-17', 'Lunch', 'food', 15, 'ตำป่า', 1, '170.00', '170.00', '2025-01-17', '', '', 1),
(63, 14, '2025-01-17', 'Dinner', 'food', 15, 'ตำป่า', 1, '170.00', '170.00', '2025-01-17', '', '', 1),
(64, 14, '2025-01-17', 'Morning trip', 'tour', 14, 'ทริปถ้ำพระขาม', 1, '700.00', '700.00', '2025-01-17', '', '', 1),
(65, 14, '2025-01-17', 'Afternoon Trip', 'tour', 14, 'ทริปถ้ำพระขาม', 1, '700.00', '700.00', '2025-01-17', '', '', 1),
(66, 14, '2025-01-17', 'Accommodation', 'homestay', 6, 'ป่าไผ่ริมโขงโฮมสเตย์', 1, '1400.00', '1400.00', '2025-01-17', '', '', 1),
(67, 15, '2025-01-17', 'Breakfast', 'food', 15, 'ตำป่า', 1, '170.00', '170.00', '2025-01-17', '', '', 1),
(68, 15, '2025-01-17', 'Lunch', 'food', 15, 'ตำป่า', 1, '170.00', '170.00', '2025-01-17', '', '', 1),
(69, 15, '2025-01-17', 'Dinner', 'food', 15, 'ตำป่า', 1, '170.00', '170.00', '2025-01-17', '', '', 1),
(70, 15, '2025-01-17', 'Morning trip', 'tour', 2, 'ทริปน้ำตกถ้ำพระ', 1, '1000.00', '1000.00', '2025-01-17', '', '', 1),
(71, 15, '2025-01-17', 'Afternoon Trip', 'tour', 2, 'ทริปน้ำตกถ้ำพระ', 1, '1000.00', '1000.00', '2025-01-17', '', '', 1),
(72, 15, '2025-01-17', 'Accommodation', 'homestay', 6, 'ป่าไผ่ริมโขงโฮมสเตย์', 1, '1400.00', '1400.00', '2025-01-17', '', '', 1),
(73, 16, '2025-01-17', 'Breakfast', 'food', 15, 'ตำป่า', 1, '170.00', '170.00', '2025-01-17', '', '', 1),
(74, 16, '2025-01-17', 'Lunch', 'food', 15, 'ตำป่า', 3, '170.00', '510.00', '2025-01-17', '', '', 1),
(75, 16, '2025-01-17', 'Dinner', 'food', 15, 'ตำป่า', 2, '170.00', '340.00', '2025-01-17', '', '', 1),
(76, 16, '2025-01-17', 'Morning trip', 'tour', 2, 'ทริปน้ำตกถ้ำพระ', 4, '1000.00', '4000.00', '2025-01-17', '', '', 1),
(77, 16, '2025-01-17', 'Afternoon Trip', 'tour', 9, 'ทริปถ้ำนาคา', 1, '500.00', '500.00', '2025-01-17', '', '', 1),
(78, 16, '2025-01-17', 'Accommodation', 'homestay', 6, 'ป่าไผ่ริมโขงโฮมสเตย์', 1, '1400.00', '1400.00', '2025-01-17', '', '', 1),
(79, 17, '2025-01-17 21:47:03', 'Breakfast', 'food', 19, 'น้ำกระเจี๊ยบ', 3, '30.00', '90.00', '2025-01-17', '', '', 1),
(80, 17, '2025-01-17 21:47:03', 'Breakfast', 'food', 11, 'หมูสามชั้นทอดน้ำปลา', 1, '250.00', '250.00', '2025-01-17', '', '', 1),
(81, 17, '2025-01-17 21:47:03', 'Lunch', 'food', 16, 'ข้าวเหนียวนึ่งอัญชัน', 5, '75.00', '375.00', '2025-02-01', '', '', 1),
(82, 17, '2025-01-17 21:47:03', '', 'homestay', 4, 'บ้านสวนชานเมือง', 2, '850.00', '5100.00', '2025-01-24', '2025-01-27', '3', 1),
(83, 17, '2025-01-17 21:47:03', '', 'homestay', 1, 'สายลมโฮมสเตย์', 1, '1200.00', '1200.00', '2025-02-03', '2025-02-04', '1', 1),
(84, 17, '2025-01-17 21:47:03', '', 'product', 3, 'ทุเรียนทอด', 2, '50.00', '100.00', '', '', '', 1),
(85, 17, '2025-01-17 21:47:03', '', 'product', 14, 'พวงกุญแจไหมพรม', 8, '50.00', '400.00', '', '', '', 1),
(86, 17, '2025-01-17 21:47:03', 'Morning trip', 'tour', 2, 'ทริปน้ำตกถ้ำพระ', 1, '1000.00', '1000.00', '2025-01-24', '', '', 9),
(87, 17, '2025-01-17 21:47:03', 'Afternoon trip', 'tour', 8, 'ทริปเขตรักษาพันธุ์สัตว์ป่าภูวัว', 4, '1200.00', '4800.00', '2025-02-01', '', '', 1),
(88, 18, '2025-01-17', 'Breakfast', 'food', 4, 'ต้มยำปลาน้ำโขง', 1, '250.00', '250.00', '2025-01-17', '', '', 1),
(89, 18, '2025-01-17', 'Breakfast', 'food', 5, 'ผัดฉ่าปลาน้ำโขง', 1, '250.00', '250.00', '2025-01-17', '', '', 1),
(90, 18, '2025-01-17', 'Breakfast', 'food', 6, 'ปลาน้ำโขงลวกจิ้ม', 1, '300.00', '300.00', '2025-01-17', '', '', 1),
(91, 18, '2025-01-17', 'Breakfast', 'food', 23, 'ลาบปลาน้ำโขง', 1, '200.00', '200.00', '2025-01-17', '', '', 1),
(92, 18, '2025-01-17', 'Breakfast', 'food', 2, 'หมกหม้อปลาน้ำโขง', 1, '220.00', '220.00', '2025-01-17', '', '', 1),
(93, 18, '2025-01-17', 'Lunch', 'food', 5, 'ผัดฉ่าปลาน้ำโขง', 1, '250.00', '250.00', '2025-01-17', '', '', 1),
(94, 18, '2025-01-17', 'Lunch', 'food', 6, 'ปลาน้ำโขงลวกจิ้ม', 1, '300.00', '300.00', '2025-01-17', '', '', 1),
(95, 18, '2025-01-17', 'Lunch', 'food', 2, 'หมกหม้อปลาน้ำโขง', 1, '220.00', '220.00', '2025-01-17', '', '', 1),
(96, 18, '2025-01-17', 'Lunch', 'food', 23, 'ลาบปลาน้ำโขง', 1, '200.00', '200.00', '2025-01-17', '', '', 1),
(97, 18, '2025-01-17', 'Lunch', 'food', 4, 'ต้มยำปลาน้ำโขง', 1, '250.00', '250.00', '2025-01-17', '', '', 1),
(98, 18, '2025-01-17', 'Dinner', 'food', 4, 'ต้มยำปลาน้ำโขง', 1, '250.00', '250.00', '2025-01-17', '', '', 1),
(99, 18, '2025-01-17', 'Dinner', 'food', 5, 'ผัดฉ่าปลาน้ำโขง', 1, '250.00', '250.00', '2025-01-17', '', '', 1),
(100, 18, '2025-01-17', 'Dinner', 'food', 6, 'ปลาน้ำโขงลวกจิ้ม', 1, '300.00', '300.00', '2025-01-17', '', '', 1),
(101, 18, '2025-01-17', 'Dinner', 'food', 2, 'หมกหม้อปลาน้ำโขง', 1, '220.00', '220.00', '2025-01-17', '', '', 1),
(102, 18, '2025-01-17', 'Dinner', 'food', 23, 'ลาบปลาน้ำโขง', 3, '200.00', '600.00', '2025-01-17', '', '', 1),
(103, 18, '2025-01-17', 'Morning trip', 'tour', 6, 'ทริปภูสิงห์ หินสามวาฬ', 1, '700.00', '700.00', '2025-01-17', '', '', 9),
(104, 18, '2025-01-17', 'Afternoon Trip', 'tour', 6, 'ทริปภูสิงห์ หินสามวาฬ', 1, '700.00', '700.00', '2025-01-17', '', '', 1),
(105, 18, '2025-01-17', 'Accommodation', 'homestay', 5, 'บ้านพักบึงงาม', 2, '790.00', '1580.00', '2025-01-17', '', '', 1),
(106, 19, '2025-01-18 09:02:32', '', 'product', 2, 'ข้าวฮางงอก', 3, '120.00', '360.00', '', '', '', 1),
(107, 19, '2025-01-18 09:02:32', '', 'product', 5, 'แจ่วปลาแดก', 4, '90.00', '360.00', '', '', '', 1),
(108, 19, '2025-01-18 09:02:32', 'Afternoon trip', 'tour', 6, 'ทริปภูสิงห์ หินสามวาฬ', 1, '700.00', '700.00', '2025-01-31', '', '', 1),
(109, 19, '2025-01-18 09:02:32', 'Morning trip', 'tour', 9, 'ทริปถ้ำนาคา', 1, '500.00', '500.00', '2025-01-31', '', '', 9),
(110, 20, '2025-01-25', 'Breakfast', 'food', 5, 'ผัดฉ่าปลาน้ำโขง', 1, '250.00', '250.00', '2025-01-25', '', '', 1),
(111, 20, '2025-01-25', 'Breakfast', 'food', 4, 'ต้มยำปลาน้ำโขง', 1, '250.00', '250.00', '2025-01-25', '', '', 1),
(112, 20, '2025-01-25', 'Lunch', 'food', 4, 'ต้มยำปลาน้ำโขง', 1, '250.00', '250.00', '2025-01-25', '', '', 1),
(113, 20, '2025-01-25', 'Lunch', 'food', 5, 'ผัดฉ่าปลาน้ำโขง', 1, '250.00', '250.00', '2025-01-25', '', '', 1),
(114, 20, '2025-01-25', 'Dinner', 'food', 4, 'ต้มยำปลาน้ำโขง', 2, '250.00', '500.00', '2025-01-25', '', '', 1),
(115, 20, '2025-01-25', 'Morning trip', 'tour', 5, 'ทริปน้ำตกเจ็ดสี', 1, '900.00', '900.00', '2025-01-25', '', '', 2),
(116, 20, '2025-01-25', 'Accommodation', 'homestay', 6, 'ป่าไผ่ริมโขงโฮมสเตย์', 1, '1400.00', '1400.00', '2025-01-25', '', '', 1),
(117, 21, '2025-01-26', 'Breakfast', 'food', 4, 'ต้มยำปลาน้ำโขง', 1, '250.00', '250.00', '2025-01-26', '', '', 1),
(118, 21, '2025-01-26', 'Breakfast', 'food', 5, 'ผัดฉ่าปลาน้ำโขง', 1, '250.00', '250.00', '2025-01-26', '', '', 1),
(119, 21, '2025-01-26', 'Lunch', 'food', 4, 'ต้มยำปลาน้ำโขง', 1, '250.00', '250.00', '2025-01-26', '', '', 1),
(120, 21, '2025-01-26', 'Lunch', 'food', 5, 'ผัดฉ่าปลาน้ำโขง', 1, '250.00', '250.00', '2025-01-26', '', '', 1),
(121, 21, '2025-01-26', 'Dinner', 'food', 4, 'ต้มยำปลาน้ำโขง', 3, '250.00', '750.00', '2025-01-26', '', '', 1),
(122, 21, '2025-01-26', 'Afternoon Trip', 'tour', 2, 'ทริปน้ำตกถ้ำพระ', 1, '1000.00', '1000.00', '2025-01-26', '', '', 1),
(123, 21, '2025-01-26', '', 'homestay', 6, 'ป่าไผ่ริมโขงโฮมสเตย์', 2, '1400.00', '2800.00', '2025-01-26', '', '', 1),
(124, 24, '2025-01-26', 'Dinner', 'food', 4, 'ต้มยำปลาน้ำโขง', 4, '250.00', '1000.00', '2025-01-26', '', '1', 1),
(125, 24, '2025-01-26', 'Dinner', 'food', 5, 'ผัดฉ่าปลาน้ำโขง', 2, '250.00', '500.00', '2025-01-26', '', '1', 1),
(126, 24, '2025-01-26', '', 'homestay', 6, 'ป่าไผ่ริมโขงโฮมสเตย์', 3, '1400.00', '4200.00', '2025-01-26', '', '1', 1),
(127, 25, '2025-01-26', 'Dinner', 'food', 5, 'ผัดฉ่าปลาน้ำโขง', 4, '250.00', '1000.00', '2025-01-26', '', '', 1),
(128, 25, '2025-01-26', 'Morning trip', 'tour', 2, 'ทริปน้ำตกถ้ำพระ', 1, '1000.00', '1000.00', '2025-01-26', '', '', 2),
(129, 25, '2025-01-26', '', 'homestay', 6, 'ป่าไผ่ริมโขงโฮมสเตย์', 2, '1400.00', '2800.00', '2025-01-26', '', '1', 1),
(130, 26, '2025-02-01', 'Breakfast', 'food', 6, 'ปลาน้ำโขงลวกจิ้ม', 1, '300.00', '300.00', '2025-02-01', '', '', 1),
(131, 26, '2025-02-01', 'Breakfast', 'food', 5, 'ผัดฉ่าปลาน้ำโขง', 2, '250.00', '500.00', '2025-02-01', '', '', 1),
(132, 26, '2025-02-01', 'Lunch', 'food', 5, 'ผัดฉ่าปลาน้ำโขง', 1, '250.00', '250.00', '2025-02-01', '', '', 1),
(133, 26, '2025-02-01', 'Lunch', 'food', 2, 'หมกหม้อปลาน้ำโขง', 1, '220.00', '220.00', '2025-02-01', '', NULL, 1),
(134, 26, '2025-02-01', 'Lunch', 'food', 4, 'ต้มยำปลาน้ำโขง', 1, '250.00', '250.00', '2025-02-01', '', '', 1),
(135, 26, '2025-02-01', 'Lunch', 'food', 6, 'ปลาน้ำโขงลวกจิ้ม', 1, '300.00', '300.00', '2025-02-01', '', '', 1),
(136, 26, '2025-02-01', 'Dinner', 'food', 6, 'ปลาน้ำโขงลวกจิ้ม', 1, '300.00', '300.00', '2025-02-01', '', '', 1),
(137, 26, '2025-02-01', 'Dinner', 'food', 5, 'ผัดฉ่าปลาน้ำโขง', 2, '250.00', '500.00', '2025-02-01', '', '', 1),
(138, 26, '2025-02-01', 'Dinner', 'food', 4, 'ต้มยำปลาน้ำโขง', 2, '250.00', '500.00', '2025-02-01', '', '', 1),
(139, 26, '2025-02-02', 'Breakfast', 'food', 6, 'ปลาน้ำโขงลวกจิ้ม', 1, '300.00', '300.00', '2025-02-02', '', '', 1),
(140, 26, '2025-02-02', 'Breakfast', 'food', 5, 'ผัดฉ่าปลาน้ำโขง', 2, '250.00', '500.00', '2025-02-02', '', '', 1),
(141, 26, '2025-02-02', 'Lunch', 'food', 6, 'ปลาน้ำโขงลวกจิ้ม', 1, '300.00', '300.00', '2025-02-02', '', '', 1),
(142, 26, '2025-02-02', 'Lunch', 'food', 4, 'ต้มยำปลาน้ำโขง', 1, '250.00', '250.00', '2025-02-02', '', '', 1),
(143, 26, '2025-02-02', 'Dinner', 'food', 4, 'ต้มยำปลาน้ำโขง', 3, '250.00', '750.00', '2025-02-02', '', '', 1),
(144, 26, '2025-02-02', 'Dinner', 'food', 2, 'หมกหม้อปลาน้ำโขง', 4, '220.00', '880.00', '2025-02-02', '', '', 1),
(145, 26, '2025-02-01', 'Morning trip', 'tour', 6, 'ทริปภูสิงห์ หินสามวาฬ', 1, '700.00', '700.00', '2025-02-01', '', '', 1),
(146, 26, '2025-02-01', 'Afternoon Trip', 'tour', 6, 'ทริปภูสิงห์ หินสามวาฬ', 1, '700.00', '700.00', '2025-02-01', '', '', 2),
(147, 26, '2025-02-02', 'Morning trip', 'tour', 1, 'ทริปเที่ยวภูทอก', 3, '800.00', '2400.00', '2025-02-02', '', '', 2),
(148, 26, '2025-02-02', 'Afternoon Trip', 'tour', 1, 'ทริปเที่ยวภูทอก', 2, '800.00', '1600.00', '2025-02-02', '', '', 9),
(149, 26, '2025-02-01', '', 'homestay', 5, 'บ้านพักบึงงาม', 1, '790.00', '790.00', '2025-02-01', '', '1', 1),
(150, 26, '2025-02-02', '', 'homestay', 5, 'บ้านพักบึงงาม', 1, '790.00', '790.00', '2025-02-02', '', '1', 1),
(151, 27, '2025-01-18 18:06:14', 'Breakfast', 'food', 1, 'ยำหัวปลี', 1, '250.00', '250.00', '2025-01-18', '', '', 1),
(152, 27, '2025-01-18 18:06:14', '', 'product', 3, 'ทุเรียนทอด', 7, '50.00', '350.00', '', '', '', 1),
(153, 28, '2025-01-18', 'Lunch', 'food', 4, 'ต้มยำปลาน้ำโขง', 4, '250.00', '1000.00', '2025-01-18', '', '', 1),
(154, 28, '2025-01-18', 'Lunch', 'food', 2, 'หมกหม้อปลาน้ำโขง', 3, '220.00', '660.00', '2025-01-18', '', '', 1),
(155, 28, '2025-01-18', '', 'homestay', 2, 'ไร่ลมเย็นโฮมสเตย์', 2, '900.00', '1800.00', '2025-01-18', '', '1', 1),
(156, 29, '2025-01-18', 'Dinner', 'food', 4, 'ต้มยำปลาน้ำโขง', 1, '250.00', '250.00', '2025-01-18', '', '', 1),
(157, 29, '2025-01-18', 'Dinner', 'food', 5, 'ผัดฉ่าปลาน้ำโขง', 2, '250.00', '500.00', '2025-01-18', '', '', 1),
(158, 29, '2025-01-19', 'Lunch', 'food', 2, 'หมกหม้อปลาน้ำโขง', 2, '220.00', '440.00', '2025-01-19', '', '', 1),
(159, 29, '2025-01-19', 'Dinner', 'food', 4, 'ต้มยำปลาน้ำโขง', 1, '250.00', '250.00', '2025-01-19', '', '', 1),
(160, 29, '2025-01-19', 'Afternoon Trip', 'tour', 6, 'ทริปภูสิงห์ หินสามวาฬ', 3, '700.00', '2100.00', '2025-01-19', '', '', 9),
(161, 29, '2025-01-18', '', 'homestay', 2, 'ไร่ลมเย็นโฮมสเตย์', 3, '900.00', '2700.00', '2025-01-18', '', '1', 1),
(162, 29, '2025-01-19', '', 'homestay', 2, 'ไร่ลมเย็นโฮมสเตย์', 2, '900.00', '1800.00', '2025-01-19', '', '1', 1),
(163, 30, '2025-01-30 14:36:08', 'Breakfast', 'food', 17, 'ขนมไทย Set A', 3, '120.00', '360.00', '2025-01-30', NULL, NULL, 1),
(164, 30, '2025-01-30 14:36:08', 'Breakfast', 'food', 7, 'ฉู่ฉี่ปลาเนื้ออ่อน', 3, '290.00', '870.00', '2025-01-30', NULL, NULL, 1),
(165, 30, '2025-01-30 14:36:08', NULL, 'homestay', 5, 'บ้านพักบึงงาม', 2, '790.00', '1580.00', '2025-02-06', '2025-02-07', '1', 1),
(166, 30, '2025-01-30 14:36:08', NULL, 'product', 2, 'ข้าวฮางงอก', 2, '120.00', '240.00', NULL, NULL, NULL, 1),
(167, 30, '2025-01-30 14:36:08', NULL, 'product', 7, 'กระเป๋าสาน', 2, '199.00', '398.00', NULL, NULL, NULL, 1),
(168, 30, '2025-01-30 14:36:08', 'Morning trip', 'tour', 9, 'ทริปถ้ำนาคา', 4, '500.00', '2000.00', '2025-02-06', NULL, NULL, 2),
(169, 31, '2025-02-27 09:40:21', 'Lunch', 'food', 7, 'ฉู่ฉี่ปลาเนื้ออ่อน', 1, '290.00', '290.00', '2025-04-20', NULL, NULL, 1),
(170, 31, '2025-02-27 09:40:21', NULL, 'homestay', 4, 'บ้านสวนชานเมือง', 1, '850.00', '1700.00', '2025-04-20', '2025-04-22', '2', 1),
(171, 31, '2025-02-27 09:40:21', NULL, 'product', 5, 'แจ่วปลาแดก', 2, '90.00', '180.00', NULL, NULL, NULL, 1),
(172, 31, '2025-02-27 09:40:21', NULL, 'product', 2, 'ข้าวฮางงอก', 3, '120.00', '360.00', NULL, NULL, NULL, 1),
(173, 32, '2025-02-27 09:46:41', 'Afternoon trip', 'tour', 1, 'ทริปเที่ยวภูทอก', 2, '800.00', '1600.00', '2025-04-20', NULL, NULL, 2),
(174, 33, '2025-04-20', 'Breakfast', 'food', 5, '\n              ผัดฉ่าปลาน้ำโขง\n              ', 1, '250.00', '250.00', '2025-04-20', NULL, '0', 1),
(175, 33, '2025-04-20', 'Breakfast', 'food', 6, '\n              ปลาน้ำโขงลวกจิ้ม\n              ', 1, '300.00', '300.00', '2025-04-20', NULL, '0', 1),
(176, 33, '2025-04-20', 'Lunch', 'food', 4, '\n              ต้มยำปลาน้ำโขง\n              ', 1, '250.00', '250.00', '2025-04-20', NULL, '0', 1),
(177, 33, '2025-04-20', 'Lunch', 'food', 2, '\n              หมกหม้อปลาน้ำโขง\n              ', 1, '220.00', '220.00', '2025-04-20', NULL, '0', 1),
(178, 33, '2025-04-20', 'Lunch', 'food', 6, '\n              ปลาน้ำโขงลวกจิ้ม\n              ', 1, '300.00', '300.00', '2025-04-20', NULL, '0', 1),
(179, 33, '2025-04-20', 'Dinner', 'food', 5, '\n              ผัดฉ่าปลาน้ำโขง\n              ', 1, '250.00', '250.00', '2025-04-20', NULL, '0', 1),
(180, 33, '2025-04-20', 'Dinner', 'food', 4, '\n              ต้มยำปลาน้ำโขง\n              ', 1, '250.00', '250.00', '2025-04-20', NULL, '0', 1),
(181, 33, '2025-04-20', 'Morning trip', 'tour', 1, '\n              ทริปเที่ยวภูทอก\n              ', 1, '800.00', '800.00', '2025-04-20', NULL, '0', 1),
(182, 33, '2025-04-20', 'Afternoon Trip', 'tour', 6, '\n              ทริปภูสิงห์ หินสามวาฬ\n              ', 1, '700.00', '700.00', '2025-04-20', NULL, '0', 1),
(183, 33, '2025-04-20', '', 'homestay', 6, '\n              ป่าไผ่ริมโขงโฮมสเตย์', 1, '1400.00', '1400.00', '2025-04-20', NULL, '1', 1),
(184, 34, '2025-03-03 15:35:25', NULL, 'product', 2, 'ข้าวฮางงอก', 3, '120.00', '360.00', NULL, NULL, NULL, 1),
(185, 34, '2025-03-03 15:35:25', NULL, 'product', 5, 'แจ่วปลาแดก', 5, '90.00', '450.00', NULL, NULL, NULL, 1),
(186, 35, '2025-03-03 15:45:57', 'Morning trip', 'tour', 1, 'ทริปเที่ยวภูทอก', 2, '800.00', '1600.00', '2025-03-20', NULL, NULL, 9),
(187, 35, '2025-03-03 15:45:57', 'Afternoon trip', 'tour', 2, 'ทริปน้ำตกถ้ำพระ', 2, '1000.00', '2000.00', '2025-03-20', NULL, NULL, 1),
(188, 36, '2025-03-08', 'Breakfast', 'food', 6, '\n              ปลาน้ำโขงลวกจิ้ม\n              ', 1, '300.00', '300.00', '2025-03-08', NULL, '0', 1),
(189, 36, '2025-03-08', 'Breakfast', 'food', 5, '\n              ผัดฉ่าปลาน้ำโขง\n              ', 1, '250.00', '250.00', '2025-03-08', NULL, '0', 1),
(190, 36, '2025-03-08', 'Breakfast', 'food', 4, '\n              ต้มยำปลาน้ำโขง\n              ', 1, '250.00', '250.00', '2025-03-08', NULL, '0', 1),
(191, 36, '2025-03-08', 'Breakfast', 'food', 2, '\n              หมกหม้อปลาน้ำโขง\n              ', 1, '220.00', '220.00', '2025-03-08', NULL, '0', 1),
(192, 36, '2025-03-08', 'Breakfast', 'food', 15, '\n              ตำป่า\n              ', 1, '170.00', '170.00', '2025-03-08', NULL, '0', 1),
(193, 36, '2025-03-08', 'Lunch', 'food', 6, '\n              ปลาน้ำโขงลวกจิ้ม\n              ', 1, '300.00', '300.00', '2025-03-08', NULL, '0', 1),
(194, 36, '2025-03-08', 'Lunch', 'food', 5, '\n              ผัดฉ่าปลาน้ำโขง\n              ', 1, '250.00', '250.00', '2025-03-08', NULL, '0', 1),
(195, 36, '2025-03-08', 'Lunch', 'food', 2, '\n              หมกหม้อปลาน้ำโขง\n              ', 1, '220.00', '220.00', '2025-03-08', NULL, '0', 1),
(196, 36, '2025-03-08', 'Lunch', 'food', 4, '\n              ต้มยำปลาน้ำโขง\n              ', 1, '250.00', '250.00', '2025-03-08', NULL, '0', 1),
(197, 36, '2025-03-08', 'Lunch', 'food', 15, '\n              ตำป่า\n              ', 1, '170.00', '170.00', '2025-03-08', NULL, '0', 1),
(198, 36, '2025-03-08', 'Dinner', 'food', 6, '\n              ปลาน้ำโขงลวกจิ้ม\n              ', 1, '300.00', '300.00', '2025-03-08', NULL, '0', 1),
(199, 36, '2025-03-09', 'Breakfast', 'food', 6, '\n              ปลาน้ำโขงลวกจิ้ม\n              ', 1, '300.00', '300.00', '2025-03-09', NULL, '0', 1),
(200, 36, '2025-03-09', 'Lunch', 'food', 5, '\n              ผัดฉ่าปลาน้ำโขง\n              ', 1, '250.00', '250.00', '2025-03-09', NULL, '0', 1),
(201, 36, '2025-03-09', 'Lunch', 'food', 4, '\n              ต้มยำปลาน้ำโขง\n              ', 1, '250.00', '250.00', '2025-03-09', NULL, '0', 1),
(202, 36, '2025-03-09', 'Lunch', 'food', 15, '\n              ตำป่า\n              ', 1, '170.00', '170.00', '2025-03-09', NULL, '0', 1),
(203, 36, '2025-03-09', 'Lunch', 'food', 2, '\n              หมกหม้อปลาน้ำโขง\n              ', 1, '220.00', '220.00', '2025-03-09', NULL, '0', 1),
(204, 36, '2025-03-09', 'Lunch', 'food', 6, '\n              ปลาน้ำโขงลวกจิ้ม\n              ', 1, '300.00', '300.00', '2025-03-09', NULL, '0', 1),
(205, 36, '2025-03-09', 'Dinner', 'food', 4, '\n              ต้มยำปลาน้ำโขง\n              ', 1, '250.00', '250.00', '2025-03-09', NULL, '0', 1),
(206, 36, '2025-03-09', 'Dinner', 'food', 15, '\n              ตำป่า\n              ', 1, '170.00', '170.00', '2025-03-09', NULL, '0', 1),
(207, 36, '2025-03-08', 'Morning trip', 'tour', 18, '\n              ทริปวัดโพธาราม หลวงพ่อพระใหญ่\n              ', 1, '1200.00', '1200.00', '2025-03-08', NULL, '0', 1),
(208, 36, '2025-03-08', 'Afternoon Trip', 'tour', 3, '\n              ทริปวัดอาฮงศิลาวาส\n              ', 1, '500.00', '500.00', '2025-03-08', NULL, '0', 1),
(209, 36, '2025-03-09', 'Morning trip', 'tour', 5, '\n              ทริปน้ำตกเจ็ดสี\n              ', 1, '900.00', '900.00', '2025-03-09', NULL, '0', 1),
(210, 36, '2025-03-09', 'Afternoon Trip', 'tour', 6, '\n              ทริปภูสิงห์ หินสามวาฬ\n              ', 1, '700.00', '700.00', '2025-03-09', NULL, '0', 1),
(211, 36, '2025-03-08', '', 'homestay', 6, '\n              ป่าไผ่ริมโขงโฮมสเตย์', 1, '1400.00', '1400.00', '2025-03-08', NULL, '1', 1),
(212, 36, '2025-03-09', '', 'homestay', 6, '\n              ป่าไผ่ริมโขงโฮมสเตย์', 1, '1400.00', '1400.00', '2025-03-09', NULL, '1', 1);

-- --------------------------------------------------------

--
-- Stand-in structure for view `booking_totals`
-- (See below for the actual view)
--
CREATE TABLE `booking_totals` (
`type` enum('food','tour','homestay','product')
,`total` decimal(32,2)
);

-- --------------------------------------------------------

--
-- Table structure for table `contact`
--

CREATE TABLE `contact` (
  `id` int(11) NOT NULL,
  `user_id` varchar(200) NOT NULL,
  `name_sender` varchar(200) NOT NULL,
  `email` varchar(200) NOT NULL,
  `message` text NOT NULL,
  `daterecord` timestamp NOT NULL DEFAULT current_timestamp() ON UPDATE current_timestamp()
) ENGINE=InnoDB DEFAULT CHARSET=utf8mb4 COLLATE=utf8mb4_unicode_ci;

--
-- Dumping data for table `contact`
--

INSERT INTO `contact` (`id`, `user_id`, `name_sender`, `email`, `message`, `daterecord`) VALUES
(1, '0', 'a', 'b', 'cc\r\ndd', '2025-01-18 05:40:37'),
(2, '0', 'กก', 'ขข', 'คค\r\nงง', '2025-01-18 05:44:07'),
(3, '0', '111', '222', '333\r\n444', '2025-01-18 05:44:50'),
(4, '8', 'ปริญญา พาสอน', 'parinya@gmail.com', 'aaa กกก', '2025-01-18 05:45:34'),
(5, '8', 'ปริญญา พาสอน', 'parinya@gmail.com', 'c', '2025-01-18 05:46:03'),
(6, '8', 'ปริญญา พาสอน', 'parinya@gmail.com', 'hello สวัสดีครับ', '2025-01-18 05:48:59'),
(7, '0', 'ฟฟ', 'กก', 'สส', '2025-01-18 05:49:33'),
(8, '8', 'ปริญญา พาสอน', 'parinya@gmail.com', 'สบายดี', '2025-01-18 05:51:22'),
(9, '0', 'กกก', 'ขขข', 'งงง', '2025-01-18 05:52:09');

-- --------------------------------------------------------

--
-- Table structure for table `foods`
--

CREATE TABLE `foods` (
  `f_id` int(7) NOT NULL,
  `f_name` varchar(200) NOT NULL,
  `f_detail` text NOT NULL,
  `f_ingredients` text NOT NULL,
  `f_price` int(7) NOT NULL,
  `f_daterecord` datetime NOT NULL,
  `f_pictures` varchar(255) NOT NULL,
  `f_calorie` int(8) NOT NULL,
  `fc_id` int(7) NOT NULL,
  `c_id` int(7) NOT NULL COMMENT 'เจ้าของอาหาร'
) ENGINE=InnoDB DEFAULT CHARSET=utf8mb4 COLLATE=utf8mb4_unicode_ci;

--
-- Dumping data for table `foods`
--

INSERT INTO `foods` (`f_id`, `f_name`, `f_detail`, `f_ingredients`, `f_price`, `f_daterecord`, `f_pictures`, `f_calorie`, `fc_id`, `c_id`) VALUES
(1, 'ยำหัวปลี', 'เป็นยำหัวปลีแบบโบราณ วัตถุดิบประกอบด้วย หัวปลีซอย น้ำมะขามเปียก น้ำปลา น้ำตาลปี๊บ นำมาผสมรวมกัน ใส่น้ำพริกเผา กุ้งแห้ง หอมคั่ว กระเทียมคั่ว พริกป่น ให้รสหวานเค็ม เปรี้ยวกลมกล่อม ปัจจุบันร้านครัวปอแก้วได้นำเมนูนี้มาดัดแปลง โดยเติมหมูสับ กุ้งรวน หอมแดงเจียว นมสด เพื่อเพิ่มความหอมและ เป็นการชูรสชาติความอร่อยและมีสีสันให้น่ารับประทานมากขึ้น', 'หัวปลี;กุ้งสด ;หมูสับ ;น้ำพริกเผา;มะนาว;น้ำปลา;น้ำตาลปี๊บ;พริกขี้หนู;หอมแดง;ใบสะระแหน่', 250, '2024-09-29 17:04:10', '1-1.jpg;1-2.jpg;1-3.jpg', 800, 5, 3),
(2, 'หมกหม้อปลาน้ำโขง', 'ใช้ปลาคังหรือบางบึก บางพื้นที่อาจเรียกว่าอู๋หรือเอาะ ลักษณะคล้ายอ่อมแต่น้ำน้อยกว่าพอขลุกขลิก ให้รสชาติแบบอีสาน มีกลิ่นปลาร้านำ ตามด้วยผักสมุนไพรต่างๆ มากด้วยสรรพคุณทางยา เช่น ข่า ตะไคร้ ใบมะกรูด ใบแมงลัก ผักกะแยง ผักชีลาว เป็นต้น อีกทั้งยังเป็นเมนูอาหารพื้นถิ่นที่ได้รับรางวัลจากกระทรวงวัฒนธรรม เมื่อปี พ.ศ. 2566 บ่งบอกถึงอัตลักษณ์ของจังหวัดบึงกาฬ', 'ปลาคัง; ปลาบึก; ปลาตะเพียน; ใบตอง; หม้อดิน;ไข่ไก่; พริกแกง ; กระเทียม; หอมแดง; ข่า; ตะไคร้; ใบมะกรูด; กะปิ; ใบโหระพา; น้ำปลาร้า; พริกสด', 220, '2024-09-29 17:11:42', '2-1.jpg;2-2.jpg;2-3.jpg', 720, 6, 3),
(3, 'ยำปลาสมุนไพร', 'ใช้ปลาข้าวสารทอด นำมายำกับตะไคร้ซอย น้ำปลา น้ำตาล น้ำมะนาว หอมแดง พริกขี้หนู ใบสะระแหน่ ผักชี เป็นเมนูมากด้วยแคลเซียมและหอมกลิ่นสมุนไพร', 'ปลาข้าวสาร; ปลาซิว; ตะไคร้; น้ำปลา; น้ำตาล; น้ำมะนาว; หอมแดง; พริกขี้หนู; ใบสะระแหน่; ผักชี ', 200, '2024-09-29 17:14:01', '3-1.jpg;3-2.jpg;3-3.jpg', 850, 5, 3),
(4, 'ต้มยำปลาน้ำโขง', 'เป็นต้มยำปลาคังหรือปลาบึกน้ำใส ปลาที่หาได้จากแม่น้ำโขง รสชาติเข้มข้น ถึงเครื่องสมุนไพรรับประกันว่าไม่มีกลิ่นคาวแน่นอน', 'ปลาคัง; ปลาบึก ;ปลาเนื้ออ่อน; ข่า ;ตะไคร้ ;ใบมะกรูด;พริกขี้หนู ;หอมแดง ;เห็ดฟาง ;เห็ดนางฟ้า;มะเขือเทศ ;น้ำปลา ;น้ำมะนาว ;พริกเผา ;น้ำตาลทราย ;ผักชีฝรั่ง ;พริกแห้งทอด', 250, '2024-09-29 17:16:11', '4-1.jpg;4-2.jpg;4-3.jpg', 1250, 1, 4),
(5, 'ผัดฉ่าปลาน้ำโขง', 'เคล็ดลับอยู่ที่การทอดเนื้อปลาคังหรือปลาบึกให้เหลืองกรอบ ก่อนนำมาผัดรวมกับเครื่องแกงและพืชผักสมุนไพรให้รสชาติจัดจ้าน', 'ปลาคัง; ปลาบึก;ปลาเนื้ออ่อน; พริกไทยสด ; กระชาย ;พริกขี้หนูสวน; กระเทียม ; ใบมะกรูด ; ใบโหระพา; น้ำปลา; น้ำตาลทราย; ซอสหอยนางรม; ซีอิ๊วขาว', 250, '2024-09-29 17:16:52', '5-1.jpg;5-2.jpg;5-3.jpg', 900, 4, 4),
(6, 'ปลาน้ำโขงลวกจิ้ม', 'ใช้เนื้อปลาคังสดใหม่ ไม่มีกลิ่นคาว เสิร์ฟพร้อมน้ำจิ้มซีฟู้ดสูตรเด็ด รสชาติจี๊ดจ๊าด เป็นอาหารขึ้นชื่อของจังหวัดบึงกาฬ', '', 300, '2024-09-29 17:18:01', '6-1.jpg;6-2.jpg;6-3.jpg', 800, 8, 4),
(7, 'ฉู่ฉี่ปลาเนื้ออ่อน', 'เมนูฉู่ฉี่รสชาติเข้มข้น ถึงเครื่องพริกแกง หอมอร่อย สีสันน่ารับประทาน ราดบนปลาเนื้ออ่อนทอดกรอบ', '', 290, '2024-09-29 17:21:48', '7-1.jpg;7-2.jpg;7-3.jpg', 960, 4, 5),
(8, 'ลาบปลาตะเพียน', 'เป็นปลาตะเพียนทอดคล้ายยำปลาดุกฟู นำมาปรุงรสเป็นลาบ วิธีรับประทานคล้ายกับเมี่ยง มีใบชะพลู และเครื่องเคียงต่าง ๆ เช่น หอมแดง ถั่วลิสง พริก เป็นต้น', '', 190, '2024-09-29 17:22:22', '8-1.jpg;8-2.jpg;8-3.jpg', 600, 7, 5),
(9, 'ยำเห็ดกรอบ', 'เห็ดชุบแป้งทอด ปรุงด้วยน้ำยำรสเด็ด โรยพริกทอด และถั่วลิสงคั่ว เพิ่มความกรอบ', '', 200, '2024-09-29 17:23:48', '9-1.jpg;9-2.jpg;9-3.jpg', 550, 5, 5),
(10, 'ยำวุ้นเส้นโบราณ', 'โดยนำวุ้นเส้นมาแช่กับน้ำอัญชันให้มีสีม่วง เพื่อเพิ่มสีสันของอาหาร ใช้วัตถุดิบคุณภาพดี ทั้งหมูยอ กุ้งแห้ง และถั่วลิสงคั่วเอง บวกกับน้ำยำรสชาติลงตัว ไม่หวานหรือเปรี้ยวจนเกินไป', '', 250, '2024-09-29 17:25:21', '10-1.jpg;10-2.jpg;10-3.jpg', 650, 5, 6),
(11, 'หมูสามชั้นทอดน้ำปลา', 'เราใช้หมูสามชั้นที่แร่เอาหนังออก นำมาหมักด้วยน้ำปลา เติมแป้งทอดเล็กน้อย ก่อนนำไปทอด ทานคู่กับน้ำจิ้มแจ่วมะขามเปียก ใส่ข้าวคั่วและพริกป่น เป็นเมนูแนะนำที่ขายดีของทางร้าน', '', 250, '2024-09-29 17:26:59', '11-1.jpg;11-2.jpg;11-3.jpg', 1400, 2, 6),
(12, 'ตำเครื่อง', 'เป็นเมนูส้มตำที่มีเฉพาะจังหวัดบึงกาฬ ใช้มะละกอ ถั่วฝักยาว ตะไคร้ มะเขือเปราะ ตำให้เข้ากัน ปรุงรสชาติให้กลมกล่อม แล้วใส่แคบหมูลงไป เป็นเมนูส้มตำแนะนำของจังหวัดบึงกาฬ', '', 150, '2024-09-29 17:28:31', '12-1.jpg;12-2.jpg;12-3.jpg', 920, 3, 6),
(13, 'ปลานิลทอดสมุนไพร', 'เมนูปลาเพื่อสุขภาพ พร้อมสมุนไพรหลากหลายชนิด ทั้งตะไคร้ ใบมะกรูด กระชาย พริกไทยอ่อน หอมแขก กระเทียม พริกแดง เพิ่มรสชาติด้วยน้ำจิ้มซอสรสเด็ดเป็นเอกลักษณ์ของทางร้าน', '', 280, '2024-09-29 17:36:01', '13-1.jpg;13-2.jpg;13-3.jpg', 740, 2, 7),
(14, 'กุ้งแพทอด', 'โดยใช้กุ้งฝอยจากแหล่งน้ำธรรมชาติ นำมาปรุงรสผสมกับไข่ไก่และแป้งทอดกรอบ นำไปทอดจนเหลืองกรอบเป็นแพน่ารับประทาน', '', 220, '2024-09-29 17:37:36', '14-1.jpg;14-2.jpg;14-3.jpg', 700, 2, 7),
(15, 'ตำป่า', 'เมนูส้มตำที่นำทุกอย่างที่มีใส่รวมเข้าไป โดยมีทั้งมะละกอ หมูยอ หน่อไม้ หอยเชอรี่ เห็ดหูหนู ขนมจีน ผักชีฝรั่ง ปรุงรสด้วยน้ำปลาร้าต้มสุกสูตรเด็ดของทางร้าน', '', 170, '2024-09-29 17:38:38', '15-1.jpg;15-2.jpg;15-3.jpg', 690, 3, 7),
(16, 'ข้าวเหนียวนึ่งอัญชัน', 'ข้าวเหนียวนึ่งอัญชัน ข้าวเหนียวของเราเป็นข้าวเหนียว Organic ปลอดสารพิษ ปลูกโดยเกษตรกร อินทรีย์เกษตร ต้านอนุมูลอิสระ ส่วนช่วยในการชะลอวัยและริ้วรอยแห่งวัย', '', 75, '2024-10-06 09:50:13', '16-1.jpg;16-2.jpg;16-3.jpg', 650, 9, 8),
(17, 'ขนมไทย Set A', 'ประกอบไปด้วยขนมชั้น ขนมฟักทอง ข้าวโพด และปาท่องโก๋', '', 120, '2024-10-06 09:56:51', '17-1.jpg;17-2.jpg;17-3.jpg', 950, 10, 8),
(18, 'น้ำใบเตย', 'ใบเตย นอกจากเอามาทำขนมแล้วยังเอามาทำน้ำใบเตยกลิ่นหอมได้ด้วย หรือจะแปลงร่างเป็นน้ำใบเตยใส่วุ้นก็อร่อยไปอีกแบบ', '', 30, '2024-10-06 10:01:33', '18-1.jpg;18-2.jpg;18-3.jpg', 250, 11, 8),
(19, 'น้ำกระเจี๊ยบ', 'กระเจี๊ยบ มีสรรพคุณขับเสมหะทำให้ชุ่มคอ ใครอยากทำน้ำกระเจี๊ยบ แค่เอาดอกกระเจี๊ยบแห้งต้มกับพุทราจีน เติมเกลือและน้ำตาลตัดรส', '', 30, '2024-10-06 10:02:26', '19-1.jpg;19-2.jpg;19-3.jpg', 250, 11, 8),
(20, 'น้ำอัญชัน', 'อย่างที่รู้กันดีว่าสรรพคุณดอกอัญชันนอกจากเอามาบำรุงผมให้ดกดำหรือคั้นน้ำมาทำขนมได้แล้วยังทำเป็นน้ำสมุนไพรได้อีกด้วย', '', 30, '2024-10-06 10:04:19', '20-1.jpg;20-2.jpg;20-3.jpg', 250, 11, 8),
(21, 'ขนมบัวลอยเผือกอัญชัน', 'ขนมบัวลอยเผือกอัญชันสูตรพิเศษ น้ำกะทิเข้มข้น อร่อยกลมกล่อม', '', 60, '2024-10-06 10:11:53', '21-1.jpg;21-2.jpg;21-3.jpg', 900, 10, 8),
(22, 'ห่อหมกปลาเนื้ออ่อน', 'ประโยชน์ของเมนูห่อหมก​​ โดยภาพรวมแล้วเมนูห่อหมกนั้น ช่วยให้ผู้รับประทานนั้นเจริญอาหารจากเครื่องแกง และมีฤทธิ์ขับลม จากเครื่องแกงที่ตำรวมกัน โดยใช้ ข่า, รากผักชี, มะกรูด, กระชาย เป็นต้น', '', 150, '2024-10-06 10:15:58', '22-1.jpg;22-2.jpg;22-3.jpg', 1200, 6, 3),
(23, 'ลาบปลาน้ำโขง', 'เป็นเมนูอาหารท้องถิ่น ที่ชาวบ้านนำเอาปลาน้ำโขงมาเป็นวัตถุดิบหลักในการประกอบอาหารที่มีขั้นตอนซับซ้อนแต่อร่อยแซ่บ น่ารับประทาน', '', 200, '2024-10-06 10:20:06', '23-1.jpg;23-2.jpg;23-3.jpg', 1250, 7, 5);

-- --------------------------------------------------------

--
-- Table structure for table `foods_category`
--

CREATE TABLE `foods_category` (
  `fc_id` int(7) NOT NULL,
  `fc_name` varchar(255) NOT NULL
) ENGINE=InnoDB DEFAULT CHARSET=utf8mb4 COLLATE=utf8mb4_unicode_ci;

--
-- Dumping data for table `foods_category`
--

INSERT INTO `foods_category` (`fc_id`, `fc_name`) VALUES
(1, 'ต้ม'),
(2, 'ทอด'),
(3, 'ตำ'),
(4, 'ผัด'),
(5, 'ยำ'),
(6, 'หมก'),
(7, 'ลาบ'),
(8, 'ลวกจิ้ม'),
(9, 'ข้าว'),
(10, 'ของหวาน'),
(11, 'เครื่องดื่ม');

-- --------------------------------------------------------

--
-- Table structure for table `guides`
--

CREATE TABLE `guides` (
  `guide_id` int(11) NOT NULL,
  `user_id` int(11) NOT NULL,
  `bio` text DEFAULT NULL
) ENGINE=InnoDB DEFAULT CHARSET=utf8mb4 COLLATE=utf8mb4_unicode_ci;

--
-- Dumping data for table `guides`
--

INSERT INTO `guides` (`guide_id`, `user_id`, `bio`) VALUES
(1, 2, 'มัคคุเทศก์ชาวอำเภอเซกา จังหวัดบึงกาฬ ประสบการณ์กว่า 10 ปี'),
(2, 2, 'มัคคุเทศก์เชี่ยวชาญเรื่องวัฒนธรรมอีสาน'),
(3, 3, 'มัคคุเทศก์ท้องถิ่นที่รู้ทุกมุมของบึงกาฬ');

-- --------------------------------------------------------

--
-- Table structure for table `homestays`
--

CREATE TABLE `homestays` (
  `homestay_id` int(11) NOT NULL,
  `h_name` varchar(200) NOT NULL,
  `h_detail` text NOT NULL,
  `h_price` int(7) NOT NULL,
  `h_daterecord` datetime NOT NULL,
  `h_pictures` varchar(255) NOT NULL,
  `hc_id` int(7) NOT NULL,
  `owner_id` int(11) NOT NULL
) ENGINE=InnoDB DEFAULT CHARSET=utf8mb4 COLLATE=utf8mb4_unicode_ci;

--
-- Dumping data for table `homestays`
--

INSERT INTO `homestays` (`homestay_id`, `h_name`, `h_detail`, `h_price`, `h_daterecord`, `h_pictures`, `hc_id`, `owner_id`) VALUES
(1, 'สายลมโฮมสเตย์', 'สัมผัสความสงบและความสดชื่นจากธรรมชาติที่ สายลมโฮมสเตย์ ตั้งอยู่ท่ามกลางทิวทัศน์อันสวยงามของบึงกาฬ ที่พักแห่งนี้จะทำให้คุณได้พักผ่อนท่ามกลางสายลมเย็นๆ และบรรยากาศที่เต็มไปด้วยความเงียบสงบ เหมาะสำหรับการหลบหนีจากความวุ่นวายและสัมผัสวิถีชีวิตท้องถิ่นที่เรียบง่าย', 1200, '2024-10-10 08:33:10', '1-1.jpg;1-2.jpg;1-3.jpg', 1, 6),
(2, 'ไร่ลมเย็นโฮมสเตย์', 'ไร่ลมเย็นโฮมสเตย์ ตั้งอยู่ท่ามกลางธรรมชาติที่อุดมสมบูรณ์ของบึงกาฬ ท่ามกลางลมเย็นจากทุ่งนาและไร่เกษตรกรรมต่างๆ ที่นี่คุณจะได้สัมผัสกับอากาศสดชื่นและบรรยากาศที่เงียบสงบ เหมาะสำหรับผู้ที่ต้องการพักผ่อนท่ามกลางธรรมชาติและเรียนรู้วิถีชีวิตเกษตรกรท้องถิ่น', 900, '2024-10-10 08:33:10', '2-1.jpg;2-2.jpg;2-3.jpg', 1, 6),
(3, 'ภูผาโฮมสเตย์', 'ภูผาโฮมสเตย์ ตั้งอยู่ที่เชิงเขาที่มีทิวทัศน์ภูเขาอันงดงาม ให้คุณได้สัมผัสกับบรรยากาศที่เงียบสงบและท่ามกลางธรรมชาติที่ไม่เหมือนใครที่นี่ คุณจะได้ผ่อนคลายจากการเดินทางและเพลิดเพลินไปกับการเดินป่าหรือกิจกรรมท่ามกลางธรรมชาติที่สดชื่น', 1350, '2024-10-10 08:35:42', '3-1.jpg;3-2.jpg;3-3.jpg', 2, 6),
(4, 'บ้านสวนชานเมือง', 'บ้านสวนชานเมือง เป็นที่พักที่เหมาะสำหรับผู้ที่ต้องการสัมผัสความสงบในบรรยากาศสวนธรรมชาติ ที่นี่คุณจะได้พักผ่อนท่ามกลางความเขียวขจีของสวนผักและต้นไม้ ซึ่งทำให้คุณรู้สึกเชื่อมโยงกับธรรมชาติอย่างแท้จริง บ้านสวนชานเมืองเหมาะสำหรับครอบครัวหรือกลุ่มเพื่อนที่มองหาการพักผ่อนในสภาพแวดล้อมที่เงียบสงบ', 850, '2024-10-10 08:35:42', '4-1.jpg;4-2.jpg;4-3.jpg', 2, 6),
(5, 'บ้านพักบึงงาม', 'บ้านพักบึงงาม ตั้งอยู่ริมบึงน้ำที่เงียบสงบและเต็มไปด้วยธรรมชาติที่สวยงาม ที่พักแห่งนี้เหมาะสำหรับผู้ที่ชอบการตกปลา พายเรือ หรือเดินชมวิวรอบๆ บึง สถานที่แห่งนี้จะมอบความสงบและความสดชื่นให้กับทุกคนที่ต้องการพักผ่อนท่ามกลางธรรมชาติ', 790, '2024-10-10 08:37:47', '5-1.jpg;5-2.jpg;5-3.jpg', 3, 6),
(6, 'ป่าไผ่ริมโขงโฮมสเตย์', 'ป่าไผ่ริมโขงโฮมสเตย์ ตั้งอยู่ริมแม่น้ำโขง คุณจะได้สัมผัสกับความสวยงามของธรรมชาติริมฝั่งแม่น้ำและป่าไผ่ที่เงียบสงบ การพักที่นี่จะทำให้คุณได้รู้จักกับวิถีชีวิตของคนท้องถิ่นและสัมผัสประสบการณ์การพักผ่อนที่ไม่เหมือนใครในบรรยากาศที่มีความเป็นธรรมชาติสูง กางเต้นท์ได้', 1400, '2024-10-10 08:37:47', '6-1.jpg;6-2.jpg;6-3.jpg', 3, 6);

-- --------------------------------------------------------

--
-- Table structure for table `homestay_category`
--

CREATE TABLE `homestay_category` (
  `hc_id` int(11) NOT NULL,
  `hc_name` varchar(255) NOT NULL
) ENGINE=InnoDB DEFAULT CHARSET=utf8mb4 COLLATE=utf8mb4_unicode_ci;

--
-- Dumping data for table `homestay_category`
--

INSERT INTO `homestay_category` (`hc_id`, `hc_name`) VALUES
(1, 'อำเภอเมืองบึงกาฬ'),
(2, 'อำเภอโซ่พิสัย'),
(3, 'อำเภอบึงโขงหลง'),
(4, 'อำเภอเซกา'),
(5, 'อำเภอปากคาด'),
(6, 'อำเภอพรเจริญ');

-- --------------------------------------------------------

--
-- Table structure for table `logs`
--

CREATE TABLE `logs` (
  `log_id` int(11) NOT NULL,
  `user_id` int(11) NOT NULL DEFAULT 0,
  `fullname` varchar(255) NOT NULL,
  `role` enum('admin','chef','guide','seller') NOT NULL,
  `action` varchar(255) NOT NULL,
  `details` text DEFAULT NULL,
  `created_at` datetime DEFAULT current_timestamp()
) ENGINE=InnoDB DEFAULT CHARSET=utf8mb4 COLLATE=utf8mb4_unicode_ci;

--
-- Dumping data for table `logs`
--

INSERT INTO `logs` (`log_id`, `user_id`, `fullname`, `role`, `action`, `details`, `created_at`) VALUES
(1, 1, 'แอดมิน บินไกล', 'admin', 'Login', 'Login...', '2025-02-27 09:52:28'),
(2, 1, 'แอดมิน บินไกล', 'admin', 'อัปเดตสถานะออเดอร์ 31', 'อัปเดตสถานะออเดอร์ 31 -> ชำระเงินแล้ว', '2025-02-27 09:52:42'),
(3, 1, 'แอดมิน บินไกล', 'admin', 'Login', 'Login...', '2025-02-27 10:35:29'),
(4, 1, 'แอดมิน บินไกล', 'admin', 'Login', 'Login...', '2025-02-27 11:17:13'),
(5, 1, 'แอดมิน บินไกล', 'admin', 'เลือกไกด์', 'เลือกไกด์ ID: 2 ของ booking_details ID: 173 ', '2025-02-27 11:24:23'),
(6, 1, 'แอดมิน บินไกล', 'admin', 'อัปเดตสถานะผู้ใช้', 'อัปเดตสถานะผู้ใช้ User ID: 7 active', '2025-02-27 11:27:32'),
(7, 1, 'แอดมิน บินไกล', 'admin', 'อัปเดตสถานะผู้ใช้', 'อัปเดตสถานะผู้ใช้ User ID: 7 inactive', '2025-02-27 11:27:35'),
(8, 1, 'แอดมิน บินไกล', 'admin', 'อัปเดตสถานะผู้ใช้', 'อัปเดตสถานะผู้ใช้ User ID: 7 disable', '2025-02-27 11:27:39'),
(9, 1, 'แอดมิน บินไกล', 'admin', 'อัปเดตสถานะผู้ใช้', 'อัปเดตสถานะผู้ใช้ User ID: 7 enable', '2025-02-27 11:27:41'),
(10, 1, 'แอดมิน บินไกล', 'admin', 'อัปเดตสถานะผู้ใช้', 'อัปเดตสถานะผู้ใช้ User ID: 7 disable', '2025-02-27 11:27:51'),
(11, 1, 'แอดมิน บินไกล', 'admin', 'อัปเดตสถานะผู้ใช้', 'อัปเดตสถานะผู้ใช้ User ID: 7 enable', '2025-02-27 11:27:58'),
(12, 9, 'สมคิด จิตรดี', 'guide', 'Login', 'Login...', '2025-02-27 11:41:05'),
(13, 9, 'สมคิด จิตรดี', 'guide', 'อัปเดตสถานะผู้ใช้', 'อัปเดตสถานะผู้ใช้ของตนเอง User ID: 9 inactive', '2025-02-27 11:52:43'),
(14, 9, 'สมคิด จิตรดี', 'guide', 'อัปเดตสถานะผู้ใช้', 'อัปเดตสถานะผู้ใช้ของตนเอง User ID: 9 active', '2025-02-27 11:52:47'),
(15, 6, 'สมศักดิ์ จักสาน', 'seller', 'Login', 'Login...', '2025-02-28 20:28:24'),
(16, 4, 'ปนัดดา พาเจริญ', 'chef', 'Login', 'Login...', '2025-02-28 20:45:05'),
(17, 1, 'แอดมิน บินไกล', 'admin', 'Login', 'Login...', '2025-03-03 15:47:24'),
(18, 9, 'สมคิด จิตรดี', 'guide', 'Login', 'Login...', '2025-03-03 15:48:47'),
(19, 9, 'สมคิด จิตรดี', 'guide', 'Login', 'Login...', '2025-03-03 15:49:58'),
(20, 9, 'สมคิด จิตรดี', 'guide', 'อัปเดตสถานะผู้ใช้', 'อัปเดตสถานะผู้ใช้ของตนเอง User ID: 9 inactive', '2025-03-03 15:51:07'),
(21, 9, 'สมคิด จิตรดี', 'guide', 'อัปเดตสถานะผู้ใช้', 'อัปเดตสถานะผู้ใช้ของตนเอง User ID: 9 active', '2025-03-03 15:51:12'),
(22, 9, 'สมคิด จิตรดี', 'guide', 'อัปเดตสถานะผู้ใช้', 'อัปเดตสถานะผู้ใช้ของตนเอง User ID: 9 inactive', '2025-03-03 15:51:14'),
(23, 9, 'สมคิด จิตรดี', 'guide', 'อัปเดตสถานะผู้ใช้', 'อัปเดตสถานะผู้ใช้ของตนเอง User ID: 9 active', '2025-03-03 15:51:15'),
(24, 9, 'สมคิด จิตรดี', 'guide', 'สมัครหรือยกเลิกการเป็นไกด์', 'add tour_id:  1 user_id: 9 ', '2025-03-03 15:51:28'),
(25, 6, 'สมศักดิ์ จักสาน', 'seller', 'Login', 'Login...', '2025-03-03 15:52:54'),
(26, 4, 'ปนัดดา พาเจริญ', 'chef', 'Login', 'Login...', '2025-03-03 15:53:57'),
(27, 1, 'แอดมิน บินไกล', 'admin', 'Login', 'Login...', '2025-03-03 16:12:37'),
(28, 1, 'แอดมิน บินไกล', 'admin', 'อัปเดตสถานะออเดอร์ 36', 'อัปเดตสถานะออเดอร์ 36 -> ชำระเงินแล้ว', '2025-03-03 16:13:10'),
(29, 1, 'แอดมิน บินไกล', 'admin', 'เลือกไกด์', 'เลือกไกด์ ID: 2 ของ booking_details ID: 186 ', '2025-03-03 16:15:57'),
(30, 1, 'แอดมิน บินไกล', 'admin', 'เลือกไกด์', 'เลือกไกด์ ID: 9 ของ booking_details ID: 186 ', '2025-03-03 16:16:07'),
(31, 1, 'แอดมิน บินไกล', 'admin', 'Login', 'Login...', '2025-03-05 21:06:05'),
(32, 1, 'แอดมิน บินไกล', 'admin', 'Login', 'Login...', '2025-06-21 13:03:31'),
(33, 1, 'แอดมิน บินไกล', 'admin', 'Login', 'Login...', '2025-06-21 13:04:19'),
(34, 1, 'แอดมิน บินไกล', 'admin', 'Login', 'Login...', '2025-06-21 13:04:30'),
(35, 1, 'แอดมิน บินไกล', 'admin', 'อัปเดตสถานะผู้ใช้', 'อัปเดตสถานะผู้ใช้ User ID: 3 active', '2025-06-21 13:07:38');

-- --------------------------------------------------------

--
-- Table structure for table `orders`
--

CREATE TABLE `orders` (
  `order_id` int(11) NOT NULL,
  `customer_id` int(11) NOT NULL,
  `status` enum('pending','confirmed','shipped','delivered','cancelled') NOT NULL,
  `total_price` float(10,2) NOT NULL,
  `order_date` date NOT NULL
) ENGINE=InnoDB DEFAULT CHARSET=utf8mb4 COLLATE=utf8mb4_unicode_ci;

--
-- Dumping data for table `orders`
--

INSERT INTO `orders` (`order_id`, `customer_id`, `status`, `total_price`, `order_date`) VALUES
(1, 1, 'confirmed', 1400.00, '2024-12-09'),
(2, 2, 'confirmed', 650.00, '2024-12-09');

-- --------------------------------------------------------

--
-- Table structure for table `order_items`
--

CREATE TABLE `order_items` (
  `item_id` int(11) NOT NULL,
  `order_id` int(11) NOT NULL,
  `product_id` int(11) NOT NULL,
  `quantity` int(11) NOT NULL,
  `price` float NOT NULL
) ENGINE=InnoDB DEFAULT CHARSET=utf8mb4 COLLATE=utf8mb4_unicode_ci;

--
-- Dumping data for table `order_items`
--

INSERT INTO `order_items` (`item_id`, `order_id`, `product_id`, `quantity`, `price`) VALUES
(1, 1, 1, 1, 1200),
(2, 1, 2, 1, 200),
(3, 2, 3, 5, 250),
(4, 2, 4, 1, 150);

-- --------------------------------------------------------

--
-- Table structure for table `payment_slips`
--

CREATE TABLE `payment_slips` (
  `id` int(11) NOT NULL,
  `file_name` varchar(255) NOT NULL,
  `uploaded_at` datetime NOT NULL,
  `booking_id` int(11) NOT NULL
) ENGINE=InnoDB DEFAULT CHARSET=utf8mb4 COLLATE=utf8mb4_general_ci;

--
-- Dumping data for table `payment_slips`
--

INSERT INTO `payment_slips` (`id`, `file_name`, `uploaded_at`, `booking_id`) VALUES
(1, '21_2025-01-27_08-49-54.jpg', '2025-01-27 14:49:54', 21),
(2, '25_2025-01-27_08-50-29.jpg', '2025-01-27 14:50:29', 25),
(3, '34_2025-03-03_15-36-58.jpg', '2025-03-03 15:36:58', 34),
(4, '36_2025-03-03_16-12-24.jpg', '2025-03-03 16:12:24', 36);

-- --------------------------------------------------------

--
-- Table structure for table `products`
--

CREATE TABLE `products` (
  `p_id` int(7) NOT NULL,
  `seller_id` int(11) NOT NULL,
  `p_name` varchar(200) NOT NULL,
  `p_detail` text NOT NULL,
  `p_price` int(7) NOT NULL,
  `p_daterecord` datetime NOT NULL,
  `p_pictures` varchar(255) NOT NULL,
  `pc_id` int(7) NOT NULL,
  `s_id` int(11) NOT NULL COMMENT 'เจ้าของสินค้า'
) ENGINE=InnoDB DEFAULT CHARSET=utf8mb4 COLLATE=utf8mb4_unicode_ci;

--
-- Dumping data for table `products`
--

INSERT INTO `products` (`p_id`, `seller_id`, `p_name`, `p_detail`, `p_price`, `p_daterecord`, `p_pictures`, `pc_id`, `s_id`) VALUES
(1, 4, 'น้ำอ้อยสด', 'น้ำอ้อยสด สดชื่น หวานเจี๊ยบ', 30, '2024-10-05 09:51:26', '1-1.jpg;1-2.jpg;1-3.jpg', 1, 1),
(2, 4, 'ข้าวฮางงอก', 'ผลิตภัณฑ์ชุมชน พญานาค อิ่มสุข', 120, '2024-10-05 09:52:21', '2-1.jpg;2-2.jpg;2-3.jpg', 1, 6),
(3, 4, 'ทุเรียนทอด', 'ทุเรียนทอดของเราคงความสดใหม่ หอม อร่อย กรุบกรอบ', 50, '2024-10-05 09:54:10', '3-1.jpg;3-2.jpg;3-3.jpg', 1, 6),
(4, 4, 'สละลอยแก้ว', 'เติมความสดชื่นกับสละลอยแก้ว จากผลไม้เปรี้ยวปรี๊ดจับมาต้มกับน้ำเชื่อมเข้มข้น เติมน้ำแข็งสักหน่อย ถ้วยเดียวก็ฟินแล้ว', 60, '2024-10-05 09:56:09', '4-1.jpg;4-2.jpg;4-3.jpg', 1, 1),
(5, 4, 'แจ่วปลาแดก', 'เป็นเมนูแจ่วหรือน้ำพริกรสเด็ดอีกหนึ่งเมนู นัว ๆ เเซ่บ ๆ ทำเป็นน้ำจิ้มแจ่วทานกับปลานึ่ง หรือเป็นแจ่วถ้วยเด็ด น้ำพริกทานกับเครื่องผัก ได้ทั้งผักสด ผักนึ่ง ผักลวก', 90, '2024-10-05 09:58:52', '5-1.jpg;5-2.jpg;5-3.jpg', 3, 1),
(6, 4, 'พวงกุญแจปลา', 'เป็นของฝาก ของชำร่วย ของที่ระลึกได้สารพัด เกิดจากการผสมผสานภูมิปัญญาท้องถิ่นซึ่งเป็นเอกลักษณ์ไม่ซ้ำใคร', 65, '2024-10-05 10:00:26', '6-1.jpg;6-2.jpg;6-3.jpg', 4, 1),
(7, 4, 'กระเป๋าสาน', 'กระเป๋าสานลายกระติบข้าวเหนียว เอกลักษณ์เฉพาะของชุมชุน', 199, '2024-10-05 10:02:41', '7-1.jpg;7-2.jpg;7-3.jpg', 2, 6),
(8, 4, 'กุนเชียงหมู ขนาด 350 กรัม', 'กุนเชียงหมูปลอดสาร ไม่ใส่สารกันบูด อร่อยปลอดภัย', 185, '2024-10-05 10:04:59', '8-1.jpg;8-2.jpg;8-3.jpg', 1, 1),
(9, 4, 'ตะกร้าสาน ขนาดกลาง', 'ตะกร้าสานจากชุมชนต้นกล้า ลายท้องถิ่นเอกลักษณ์ไม่ซ้ำใคร', 250, '2024-10-05 10:06:45', '9-1.jpg;9-2.jpg;9-3.jpg', 2, 6),
(10, 4, 'น้ำพริกเห็ด ขนาด 120 กรัม', 'น้ำพริกอาหารไทยรสแซ่บ แคลอรีต่ำ โปรตีนสูง อิ่มสบายท้อง แกล้มกับผักต้มหรือผักดิบ', 130, '2024-10-05 10:09:03', '10-1.jpg;10-2.jpg;10-3.jpg', 3, 1),
(11, 4, 'กระเป๋าผ้ามัดย้อม', 'งานฝีมือผสมผสานศิลปะการมัดย้อม โดยใช้สีย้อมจากธรรมชาติ พืชในท้องถิ่นที่ให้สีธรรมชาตินุ่มนวลอ่อนหวาน', 100, '2024-10-05 10:12:04', '11-1.jpg;11-2.jpg;11-3.jpg', 2, 6),
(12, 4, 'ขนมทองม้วนข้าวฮางงอก', 'ผลิตจากข้าวฮาง 100% เหมาะสำหรับผู้แพ้แป้งสาลี หหรือสารกลูเต็ล ไม่มีส่วนผสมจากแป้งสาลี ปลอดภัย หวานน้อย รสชาติกำลังดี เหมาะสำหรับผู้ควบคุมน้ำตาล', 80, '2024-10-05 10:13:02', '12-1.jpg;12-2.jpg;12-3.jpg', 1, 1),
(13, 4, 'สร้อยข้อมือสาน', 'สร้อยข้อมือ เชือกไนลอน แฟชั่น เทรนด์ใหม่ แบบสวย ดีไซน์ เท่ ถัก สลับสี เชือกถัก แบบสวย ๆ', 99, '2024-10-05 10:31:04', '13-1.jpg;13-2.jpg;13-3.jpg', 4, 6),
(14, 4, 'พวงกุญแจไหมพรม', 'พวงกุญแจไหมพรม ถักโครเชต์ พวงดอกไม้หลากสี งานแฮนด์เมด อุปกรณ์สำหรับตกแต่งกระเป๋าให้สวยงาม', 50, '2024-10-05 10:34:43', '14-1.jpg;14-2.jpg;14-3.jpg', 4, 1);

-- --------------------------------------------------------

--
-- Table structure for table `products_category`
--

CREATE TABLE `products_category` (
  `pc_id` int(7) NOT NULL,
  `pc_name` varchar(255) NOT NULL
) ENGINE=InnoDB DEFAULT CHARSET=utf8mb4 COLLATE=utf8mb4_unicode_ci;

--
-- Dumping data for table `products_category`
--

INSERT INTO `products_category` (`pc_id`, `pc_name`) VALUES
(1, 'ขนม'),
(2, 'ของใช้'),
(3, 'น้ำพริก'),
(4, 'แอคเซสเซอรี่');

-- --------------------------------------------------------

--
-- Table structure for table `recipes`
--

CREATE TABLE `recipes` (
  `recipe_id` int(11) NOT NULL,
  `chef_id` int(11) NOT NULL,
  `name` varchar(255) NOT NULL,
  `ingredients` text NOT NULL,
  `steps` longtext NOT NULL,
  `calories` float NOT NULL
) ENGINE=InnoDB DEFAULT CHARSET=utf8mb4 COLLATE=utf8mb4_unicode_ci;

--
-- Dumping data for table `recipes`
--

INSERT INTO `recipes` (`recipe_id`, `chef_id`, `name`, `ingredients`, `steps`, `calories`) VALUES
(1, 3, 'ลาบปลาน้ำโขง', 'ปลาน้ำโขง, ข้าวคั่ว, พริกป่น, น้ำปลา', '1. เตรียมปลา 2. คลุกเครื่องปรุง 3. เสิร์ฟ', 250),
(2, 3, 'ข้าวจี่', 'ข้าวเหนียว, ไข่, เกลือ', '1. ปั้นข้าวเหนียว 2. ทาไข่ 3. ปิ้งจนสุก', 180),
(3, 4, 'ส้มตำไทย', 'มะละกอ, พริก, มะนาว, น้ำปลา', '1. โขลกพริก 2. ใส่ส่วนผสม 3. คลุกให้เข้ากัน', 120);

-- --------------------------------------------------------

--
-- Table structure for table `tags`
--

CREATE TABLE `tags` (
  `id` int(1) NOT NULL,
  `name_en` varchar(200) NOT NULL,
  `name_th` varchar(200) NOT NULL,
  `data` text NOT NULL,
  `timestamp` timestamp NOT NULL DEFAULT current_timestamp() ON UPDATE current_timestamp()
) ENGINE=InnoDB DEFAULT CHARSET=utf8mb4 COLLATE=utf8mb4_unicode_ci;

--
-- Dumping data for table `tags`
--

INSERT INTO `tags` (`id`, `name_en`, `name_th`, `data`, `timestamp`) VALUES
(1, 'Foods', 'อาหาร', 'ปลาน้ำโขง;ปลาคัง; ปลาบึก;ส้มตำ;ต้มยำ;หน่อไม้', '2025-01-16 02:44:59'),
(2, 'Homestays', 'ที่พัก', 'ริมโขง;ริมบึง;ทุ่งนา ;กางเต้นท์', '2025-01-16 02:43:21'),
(3, 'Tours', 'ทริปท่องเที่ยว', 'ภูทอก;หินสามวาฬ;น้ำตก;วัด;ถ้ำ', '2025-01-16 02:51:54'),
(4, 'Products', 'สินค้าและของฝาก', 'ผ้าหมี่ขิด;ปลาแห้ง;ปลาส้ม;หมากเม่า;กระเป๋า;ข้าวฮาง;น้ำผึ้งป่า', '2025-01-14 14:25:58');

-- --------------------------------------------------------

--
-- Table structure for table `tours`
--

CREATE TABLE `tours` (
  `tour_id` int(11) NOT NULL,
  `guide_id` int(11) NOT NULL DEFAULT 1,
  `guide_list` varchar(255) NOT NULL DEFAULT '1',
  `name` varchar(255) NOT NULL,
  `description` text NOT NULL,
  `hours` int(6) NOT NULL,
  `price` float NOT NULL,
  `availability` text NOT NULL,
  `t_pictures` varchar(255) NOT NULL,
  `tc_id` int(6) NOT NULL
) ENGINE=InnoDB DEFAULT CHARSET=utf8mb4 COLLATE=utf8mb4_unicode_ci;

--
-- Dumping data for table `tours`
--

INSERT INTO `tours` (`tour_id`, `guide_id`, `guide_list`, `name`, `description`, `hours`, `price`, `availability`, `t_pictures`, `tc_id`) VALUES
(1, 1, '1;2;9', 'ทริปเที่ยวภูทอก', 'เดินชมธรรมชาติและวิวสวยงามที่ภูทอก บึงกาฬ', 3, 800, 'ทุกวัน', '1-1.jpg;1-2.jpg;1-3.jpg', 1),
(2, 1, '1;2;3;9', 'ทริปน้ำตกถ้ำพระ', 'เยี่ยมชมธรรมชาติอันงดงามที่น้ำตกถ้ำพระ', 3, 1000, 'วันหยุดสุดสัปดาห์', '2-1.jpg;2-2.jpg;2-3.jpg', 2),
(3, 2, '2;3', 'ทริปวัดอาฮงศิลาวาส', 'สัมผัสศาสนสถานและวิวริมโขงที่วัดอาฮงศิลาวาส', 3, 500, 'ทุกวัน', '3-1.jpg;3-2.jpg;3-3.jpg', 4),
(4, 2, '2;4', 'ทริปแก่งอาฮง', 'ชมแก่งน้ำใส และสนุกกับธรรมชาติ', 3, 600, 'ทุกวัน', '4-1.jpg;4-2.jpg;4-3.jpg', 4),
(5, 3, '3;2', 'ทริปน้ำตกเจ็ดสี', 'เดินป่าและชมน้ำตกสีสวยในอุทยาน', 3, 900, 'วันหยุดสุดสัปดาห์', '5-1.jpg;5-2.jpg;5-3.jpg', 3),
(6, 3, '3;2;1;9', 'ทริปภูสิงห์ หินสามวาฬ', 'หินสามวาฬ ภูสิงห์ จังหวัดบึงกาฬ ตั้งอยู่ภายในเขตพื้นที่อนุรักษ์ในเขตป่าสงวนแห่งชาติป่าดงดิบกะลา ป่าภูสิงห์ และป่าดงสีชมพู  เป็นหินขนาดใหญ่ติดหน้าผาสูง แยกตัวเป็น 3 ก้อนใหญ่ มีอายุประมาณ 75 ล้านปี ความพิเศษคือ เมื่อมองดูจากระยะไกล หินสามก้อนนี้จะดูคล้ายกับฝูงครอบครัววาฬ มีทั้งพ่อวาฬ แม่วาฬ และลูกวาฬ', 3, 700, 'ทุกวัน', '6-1.jpg;6-2.jpg;6-3.jpg', 1),
(7, 2, '2', 'ทริปอุทยานแห่งชาติภูลังกา', 'เดินป่าและชมวิวทะเลหมอกที่ภูลังกา', 3, 1500, 'ทุกวัน', '7-1.jpg;7-2.jpg;7-3.jpg', 3),
(8, 1, '1', 'ทริปเขตรักษาพันธุ์สัตว์ป่าภูวัว', 'ชมธรรมชาติและสัตว์ป่าที่ภูวัว เขตรักษาพันธุ์สัตว์ป่ามีเนื้อที่ประมาณ 186 ตารางกิโลเมตร หรือ 116,562 ไร่ ครอบคลุมพื้นที่ในเขตอำเภอบึงกาฬ อำเภอบุ่งคล้า อำเภอเซกา และอำเภอบึงโขงหลง เกือบติดพรมแดนประเทศลาวสามารถมองเป็นทิวทัศน์ที่เป็นป่าได้ โดยรอบ เห็นได้ไกลถึงป่าในฝั่งลาว เช่น ภูควาย ภูงู ภูหมาก่าว ของลาวได้ชัดเจน มีความสูงจากระดับน้ำทะเลเฉลี่ยประมาณ 150-300 เมตร สภาพป่าส่วนใหญ่เป็นป่าเต็งรัง ป่าดิบแล้ง และป่าดิบชื้น บางส่วนเป็นสันเขาหินทราย ลานหินและทุ่งหญ้าโดยสถานที่แห่งนี้ยังคงความอุดมสมบูรณ์และความหลากหลายของระบบนิเวศน์วิทยาเอาไว้ดังจะเห็นได้จากว่าสถานที่แห่งนี้ยังคงมีสัตว์หลากหลายสายพันธุ์อาศัยอยู่ เช่น ช้าง เสือโคร่งเสือดาว หมี ชะมด ไก่ฟ้า ไก่ป่า ลิง ชะนีและนกนานาชนิด', 3, 1200, 'เฉพาะฤดูฝน', '8-1.jpg;8-2.jpg;8-3.jpg', 3),
(9, 1, '1;3', 'ทริปถ้ำนาคา', 'ถ้ำนาคา อุทยานแห่งชาติภูลังกา หนึ่งในที่เที่ยวบึงกาฬยอดนิยม มีหินขนาดใหญ่รูปร่างคล้ายงูยักษ์หรือพญานาค เป็นความโดดเด่นที่ดึงดูดให้หลายคนอยากไปเยี่ยมชมเพื่อได้ขอพร ลวดลายของหินทำให้จินตนาการได้ว่ากำลังเผชิญอยู่กับสิ่งอัศจรรย์', 3, 500, 'ทุกวัน', '9-1.jpg;9-2.jpg;9-3.jpg', 1),
(10, 1, '1', 'ทริปหมู่บ้านชาวไทพวน', 'สัมผัสวัฒนธรรมชาวไทพวนในบึงกาฬ', 3, 600, 'วันหยุดสุดสัปดาห์', '10-1.jpg;10-2.jpg;10-3.jpg', 1),
(11, 3, '3', 'ทริปอุทยานแห่งชาติภูลมโล', 'สัมผัสดอกนางพญาเสือโคร่งที่ภูลมโล', 3, 1300, 'ฤดูหนาว', '11-1.jpg;11-2.jpg;11-3.jpg', 2),
(12, 3, '3;1', 'ทริปล่องแพแม่น้ำโขง', 'ล่องแพสนุกสนานในแม่น้ำโขง', 3, 1400, 'ทุกวัน', '12-1.jpg;12-2.jpg;12-3.jpg', 3),
(13, 2, '2;3;4;1', 'ทริปทุ่งดอกไม้สะพานแก้ว', 'เดินชมดอกไม้บานสะพรั่งบนสะพานแก้ว', 3, 800, 'ทุกวัน', '13-1.jpg;13-2.jpg;13-3.jpg', 1),
(14, 2, '2', 'ทริปถ้ำพระขาม', 'สำรวจถ้ำลึกลับในบึงกาฬ', 3, 700, 'เฉพาะฤดูฝน', '14-1.jpg;14-2.jpg;14-3.jpg', 4),
(15, 3, '3;9', 'ทริปจุดชมวิวห้วยน้ำทิพย์', 'ชมวิวที่ห้วยน้ำทิพย์แบบใกล้ชิด', 3, 600, 'ทุกวัน', '15-1.jpg;15-2.jpg;15-3.jpg', 1),
(16, 3, '3;2;9', 'ทริปเดินป่าภูวัว', 'สำรวจป่าลึกและชมวิวภูวัว', 3, 1100, 'เฉพาะฤดูฝน', '16-1.jpg;16-2.jpg;16-3.jpg', 2),
(17, 3, '3;1', 'ทริปตลาดน้ำริมโขง', 'สัมผัสบรรยากาศตลาดน้ำในบึงกาฬ', 3, 700, 'วันหยุดสุดสัปดาห์', '17-1.jpg;17-2.jpg;17-3.jpg', 1),
(18, 1, '1;2;3', 'ทริปวัดโพธาราม หลวงพ่อพระใหญ่', 'วัดโพธาราม ตั้งอยู่ที่บ้านท่าไคร้ ตำบลบึงกาฬ เป็นที่ประดิษฐานหลวงพ่อพระใหญ่ พระพุทธรูปปางมารวิชัย ประดิษฐานบนแท่น 4 เหลี่ยม ซึ่งได้บูรณะขึ้นใหม่ใน พ.ศ. 2537 ชาวบึงกาฬได้จัดให้มีการสมโภชหลวงพ่อพระใหญ่ปีละ 2 ครั้ง คือประเพณีบุญเดือน 3 หรือบุญข้าวจี่ และประเพณีสรงน้ำหลวงพ่อพระใหญ่ จัดงานสัปดาห์หลังเทศกาลสงกรานต์', 3, 1200, 'ทุกวัน', '18-1.jpg;18-2.jpg;18-3.jpg', 3),
(19, 2, '2;3;4', 'ทริปสวนป่าบึงกาฬ', 'เดินชมธรรมชาติในสวนป่า', 3, 1600, 'วันหยุดสุดสัปดาห์', '19-1.jpg;19-2.jpg;19-3.jpg', 2),
(20, 9, '9', 'ทริปยี่สิบ20', 'ทริปยี่สิบ20 บึงกาฬ', 3, 555, 'ทุกวัน', '20-1.jpg;20-2.jpg;20-3.jpg;20-4.jpg', 2),
(21, 9, '9', 'ทริปCCC', '22', 3, 11, 'ทุกวัน', '21-1.jpg;21-2.jpg', 3);

-- --------------------------------------------------------

--
-- Table structure for table `tour_bookings`
--

CREATE TABLE `tour_bookings` (
  `tour_booking_id` int(11) NOT NULL,
  `customer_id` int(11) NOT NULL,
  `tour_id` int(11) NOT NULL,
  `booking_date` date NOT NULL,
  `status` enum('pending','confirmed','cancelled') NOT NULL,
  `total_price` float NOT NULL
) ENGINE=InnoDB DEFAULT CHARSET=utf8mb4 COLLATE=utf8mb4_unicode_ci;

--
-- Dumping data for table `tour_bookings`
--

INSERT INTO `tour_bookings` (`tour_booking_id`, `customer_id`, `tour_id`, `booking_date`, `status`, `total_price`) VALUES
(1, 1, 1, '2024-12-09', 'confirmed', 800),
(2, 2, 2, '2024-12-09', 'confirmed', 700);

-- --------------------------------------------------------

--
-- Table structure for table `tour_category`
--

CREATE TABLE `tour_category` (
  `tc_id` int(6) NOT NULL,
  `tc_name` varchar(200) NOT NULL
) ENGINE=InnoDB DEFAULT CHARSET=utf8mb4 COLLATE=utf8mb4_unicode_ci;

--
-- Dumping data for table `tour_category`
--

INSERT INTO `tour_category` (`tc_id`, `tc_name`) VALUES
(1, 'การชมวิวทิวทัศน์'),
(2, 'การเดินป่า'),
(3, 'การศึกษาระบบนิเวศ'),
(4, 'วัฒนธรรมพุทธศาสนา');

-- --------------------------------------------------------

--
-- Table structure for table `users`
--

CREATE TABLE `users` (
  `user_id` int(11) NOT NULL,
  `fullname` varchar(255) NOT NULL,
  `phone` varchar(255) NOT NULL,
  `address` varchar(255) NOT NULL,
  `password` varchar(255) NOT NULL,
  `email` varchar(255) NOT NULL,
  `picture` varchar(200) DEFAULT NULL,
  `role` enum('customer','guide','chef','seller','admin') NOT NULL,
  `created_at` datetime NOT NULL,
  `available` enum('active','inactive') NOT NULL,
  `enable` enum('enable','disable') NOT NULL
) ENGINE=InnoDB DEFAULT CHARSET=utf8mb4 COLLATE=utf8mb4_unicode_ci;

--
-- Dumping data for table `users`
--

INSERT INTO `users` (`user_id`, `fullname`, `phone`, `address`, `password`, `email`, `picture`, `role`, `created_at`, `available`, `enable`) VALUES
(1, 'แอดมิน บินไกล', '087-8282999', 'ต.ขามเรียง อ.กันทรวิชัย จ.มหาสารคาม', '$2y$10$b9vCPaYOJVdT4323jhZ8xOeiXyPev34l/xJxHk6WHpEtYAL6s8eSq', 'admin1@example.com', '1.jpg', 'admin', '2024-12-09 00:00:00', 'active', 'enable'),
(2, 'มาริโอ้ โกโก้ปั่น', '089-8887721', 'ต.คำแก้ว อ.โซ่พิสัย จ.บึงกาฬ', '$2y$10$MHvbepze31ybcvYzR2NNDup1Ecrfcqa2A1.CB1GwudGJpRjbYERb.', 'guide1@example.com', '2.jpg', 'guide', '2024-12-09 00:00:00', 'active', 'enable'),
(3, 'นางพิมล คนซื่อ', '081-3338748', 'ต.หนองพันทา อ.โซ่พิสัย จ.บึงกาฬ', '$2y$10$G7DcX/iuxYA1q3M3FRMuUumz72wmy4bh738sQo.a9C/9RBxL.6SeO', 'chef1@example.com', '3.jpg', 'chef', '2024-12-09 00:00:00', 'active', 'enable'),
(4, 'ปนัดดา พาเจริญ', '086-9084760', 'ต.ศรีชมภู อ.โซ่พิสัย จ.บึงกาฬ', '$2y$10$Y.g5j0J.YKc4fItHiVuFpuf3zgq663yS7IczdxeZ5vkPrwI5TJEEW', 'panatda@example.com', '4.jpg', 'chef', '2024-12-09 00:00:00', 'active', 'enable'),
(5, 'นายธนกร พรประเสริฐ', '098-7654192', 'ต.ในเมือง อ.เมือง จ.ร้อยเอ็ด', '$2y$10$QJtmUkgOKNM4VRnmO6QwdeGr1shlEgKwCt74aPbFua6vYUfpYYCJG', 'tourist1@example.com', '5.jpg', 'customer', '2024-12-09 00:00:00', 'active', 'disable'),
(6, 'สมศักดิ์ จักสาน', '086-4327895', 'ต.บัวตูม อ.โซ่พิสัย จ.บึงกาฬ', '$2y$10$eAYeLV58O6JUDnCVJqapf.utNJaAb6uNecGgiOHvqsiDMTM2bEeFq', 'somsak@example.com', '6.jpg', 'seller', '2024-12-09 00:00:00', 'active', 'enable'),
(7, 'เอกพล คนโก้', '0997543322', '22 อ.เมือง จ.หนองคาย', '$2y$10$1yYxN1FetdjiaHB/uyh7iuZURWAP/9psCO1gCGzaBLkob1cQj.Wsa', 'apon@gmail.com', '7.jpg', 'customer', '2025-01-13 13:32:09', 'inactive', 'enable'),
(8, 'ปริญญา พาสอน', '0992228888', '44/5 เขตบางรัก กรุงเทพมหานคร', '$2y$10$peIg7P0ofKRndg.ejlKVbeuZUx6Q2YHGbZWH1Z5tV52.X9Q4LX9hy', 'parinya@gmail.com', '8.png', 'customer', '2025-01-17 16:35:45', 'active', 'enable'),
(9, 'สมคิด จิตรดี', '0647778888', '22/44 อ.เมือง จ.ขอนแก่น 42000', '$2y$10$FHFcACs1tcm/TR9GG.rnPubYDMQrIx9FTsfpARz8o9XNluSQlc.iy', 'somkid@gmail.com', '9.jpg', 'guide', '2025-01-18 07:15:53', 'active', 'enable');

-- --------------------------------------------------------

--
-- Table structure for table `user_logs`
--

CREATE TABLE `user_logs` (
  `log_id` int(11) NOT NULL,
  `user_id` int(11) NOT NULL,
  `role` enum('customer','guide','chef','seller','admin') NOT NULL,
  `action` varchar(255) NOT NULL,
  `timestamp` datetime NOT NULL,
  `ip_address` varchar(45) DEFAULT NULL,
  `user_agent` text DEFAULT NULL
) ENGINE=InnoDB DEFAULT CHARSET=utf8mb4 COLLATE=utf8mb4_unicode_ci;

--
-- Dumping data for table `user_logs`
--

INSERT INTO `user_logs` (`log_id`, `user_id`, `role`, `action`, `timestamp`, `ip_address`, `user_agent`) VALUES
(1, 1, 'customer', 'viewed product', '2024-12-09 17:43:36', '192.168.1.1', 'Mozilla/5.0 (Windows NT 10.0; Win64; x64)'),
(2, 1, 'customer', 'viewed product', '2024-12-09 17:49:25', '192.168.1.1', 'Mozilla/5.0 (Windows NT 10.0; Win64; x64)'),
(4, 3, 'customer', 'viewed homestay details', '2024-12-09 18:44:28', '192.168.0.2', 'Mozilla/5.0'),
(5, 4, 'customer', 'purchased product', '2024-12-09 18:44:28', '192.168.0.3', 'Mozilla/5.0');

-- --------------------------------------------------------

--
-- Stand-in structure for view `user_totals`
-- (See below for the actual view)
--
CREATE TABLE `user_totals` (
`role` enum('customer','guide','chef','seller','admin')
,`count` bigint(21)
);

-- --------------------------------------------------------

--
-- Structure for view `booking_totals`
--
DROP TABLE IF EXISTS `booking_totals`;

CREATE ALGORITHM=UNDEFINED DEFINER=`root`@`localhost` SQL SECURITY DEFINER VIEW `booking_totals`  AS SELECT `booking_details`.`type` AS `type`, sum(`booking_details`.`total_price`) AS `total` FROM `booking_details` GROUP BY `booking_details`.`type` ;

-- --------------------------------------------------------

--
-- Structure for view `user_totals`
--
DROP TABLE IF EXISTS `user_totals`;

CREATE ALGORITHM=UNDEFINED DEFINER=`root`@`localhost` SQL SECURITY DEFINER VIEW `user_totals`  AS SELECT `users`.`role` AS `role`, count(0) AS `count` FROM `users` WHERE `users`.`role` <> 'admin' GROUP BY `users`.`role` ;

--
-- Indexes for dumped tables
--

--
-- Indexes for table `administrator`
--
ALTER TABLE `administrator`
  ADD PRIMARY KEY (`a_id`);

--
-- Indexes for table `admin_logs`
--
ALTER TABLE `admin_logs`
  ADD PRIMARY KEY (`log_id`),
  ADD KEY `admin_id` (`admin_id`);

--
-- Indexes for table `admin_permissions`
--
ALTER TABLE `admin_permissions`
  ADD PRIMARY KEY (`permission_id`),
  ADD KEY `admin_id` (`admin_id`);

--
-- Indexes for table `bookings`
--
ALTER TABLE `bookings`
  ADD PRIMARY KEY (`id`);

--
-- Indexes for table `bookings1`
--
ALTER TABLE `bookings1`
  ADD PRIMARY KEY (`booking_id`),
  ADD KEY `customer_id` (`customer_id`),
  ADD KEY `homestay_id` (`homestay_id`);

--
-- Indexes for table `booking_details`
--
ALTER TABLE `booking_details`
  ADD PRIMARY KEY (`id`),
  ADD KEY `booking_id` (`booking_id`);

--
-- Indexes for table `contact`
--
ALTER TABLE `contact`
  ADD PRIMARY KEY (`id`);

--
-- Indexes for table `foods`
--
ALTER TABLE `foods`
  ADD PRIMARY KEY (`f_id`),
  ADD KEY `fc_id` (`fc_id`) USING BTREE;

--
-- Indexes for table `foods_category`
--
ALTER TABLE `foods_category`
  ADD PRIMARY KEY (`fc_id`);

--
-- Indexes for table `guides`
--
ALTER TABLE `guides`
  ADD PRIMARY KEY (`guide_id`),
  ADD KEY `user_id` (`user_id`);

--
-- Indexes for table `homestays`
--
ALTER TABLE `homestays`
  ADD PRIMARY KEY (`homestay_id`),
  ADD KEY `owner_id` (`owner_id`),
  ADD KEY `hc_id` (`hc_id`);

--
-- Indexes for table `homestay_category`
--
ALTER TABLE `homestay_category`
  ADD PRIMARY KEY (`hc_id`);

--
-- Indexes for table `logs`
--
ALTER TABLE `logs`
  ADD PRIMARY KEY (`log_id`);

--
-- Indexes for table `orders`
--
ALTER TABLE `orders`
  ADD PRIMARY KEY (`order_id`),
  ADD KEY `customer_id` (`customer_id`);

--
-- Indexes for table `order_items`
--
ALTER TABLE `order_items`
  ADD PRIMARY KEY (`item_id`),
  ADD KEY `order_id` (`order_id`),
  ADD KEY `order_items_ibfk_2` (`product_id`);

--
-- Indexes for table `payment_slips`
--
ALTER TABLE `payment_slips`
  ADD PRIMARY KEY (`id`);

--
-- Indexes for table `products`
--
ALTER TABLE `products`
  ADD PRIMARY KEY (`p_id`),
  ADD KEY `seller_id` (`seller_id`),
  ADD KEY `pc_id` (`pc_id`);

--
-- Indexes for table `products_category`
--
ALTER TABLE `products_category`
  ADD PRIMARY KEY (`pc_id`);

--
-- Indexes for table `recipes`
--
ALTER TABLE `recipes`
  ADD PRIMARY KEY (`recipe_id`),
  ADD KEY `chef_id` (`chef_id`);

--
-- Indexes for table `tags`
--
ALTER TABLE `tags`
  ADD PRIMARY KEY (`id`);

--
-- Indexes for table `tours`
--
ALTER TABLE `tours`
  ADD PRIMARY KEY (`tour_id`);

--
-- Indexes for table `tour_bookings`
--
ALTER TABLE `tour_bookings`
  ADD PRIMARY KEY (`tour_booking_id`),
  ADD KEY `customer_id` (`customer_id`),
  ADD KEY `tour_id` (`tour_id`);

--
-- Indexes for table `tour_category`
--
ALTER TABLE `tour_category`
  ADD PRIMARY KEY (`tc_id`);

--
-- Indexes for table `users`
--
ALTER TABLE `users`
  ADD PRIMARY KEY (`user_id`),
  ADD UNIQUE KEY `email` (`email`);

--
-- Indexes for table `user_logs`
--
ALTER TABLE `user_logs`
  ADD PRIMARY KEY (`log_id`),
  ADD KEY `user_id` (`user_id`);

--
-- AUTO_INCREMENT for dumped tables
--

--
-- AUTO_INCREMENT for table `administrator`
--
ALTER TABLE `administrator`
  MODIFY `a_id` int(11) NOT NULL AUTO_INCREMENT, AUTO_INCREMENT=2;

--
-- AUTO_INCREMENT for table `admin_logs`
--
ALTER TABLE `admin_logs`
  MODIFY `log_id` int(11) NOT NULL AUTO_INCREMENT, AUTO_INCREMENT=9;

--
-- AUTO_INCREMENT for table `admin_permissions`
--
ALTER TABLE `admin_permissions`
  MODIFY `permission_id` int(11) NOT NULL AUTO_INCREMENT, AUTO_INCREMENT=4;

--
-- AUTO_INCREMENT for table `bookings`
--
ALTER TABLE `bookings`
  MODIFY `id` int(11) NOT NULL AUTO_INCREMENT, AUTO_INCREMENT=37;

--
-- AUTO_INCREMENT for table `bookings1`
--
ALTER TABLE `bookings1`
  MODIFY `booking_id` int(11) NOT NULL AUTO_INCREMENT, AUTO_INCREMENT=2;

--
-- AUTO_INCREMENT for table `booking_details`
--
ALTER TABLE `booking_details`
  MODIFY `id` int(11) NOT NULL AUTO_INCREMENT, AUTO_INCREMENT=213;

--
-- AUTO_INCREMENT for table `contact`
--
ALTER TABLE `contact`
  MODIFY `id` int(11) NOT NULL AUTO_INCREMENT, AUTO_INCREMENT=10;

--
-- AUTO_INCREMENT for table `foods`
--
ALTER TABLE `foods`
  MODIFY `f_id` int(7) NOT NULL AUTO_INCREMENT, AUTO_INCREMENT=24;

--
-- AUTO_INCREMENT for table `foods_category`
--
ALTER TABLE `foods_category`
  MODIFY `fc_id` int(7) NOT NULL AUTO_INCREMENT, AUTO_INCREMENT=12;

--
-- AUTO_INCREMENT for table `guides`
--
ALTER TABLE `guides`
  MODIFY `guide_id` int(11) NOT NULL AUTO_INCREMENT, AUTO_INCREMENT=4;

--
-- AUTO_INCREMENT for table `homestays`
--
ALTER TABLE `homestays`
  MODIFY `homestay_id` int(11) NOT NULL AUTO_INCREMENT, AUTO_INCREMENT=7;

--
-- AUTO_INCREMENT for table `homestay_category`
--
ALTER TABLE `homestay_category`
  MODIFY `hc_id` int(11) NOT NULL AUTO_INCREMENT, AUTO_INCREMENT=7;

--
-- AUTO_INCREMENT for table `logs`
--
ALTER TABLE `logs`
  MODIFY `log_id` int(11) NOT NULL AUTO_INCREMENT, AUTO_INCREMENT=36;

--
-- AUTO_INCREMENT for table `orders`
--
ALTER TABLE `orders`
  MODIFY `order_id` int(11) NOT NULL AUTO_INCREMENT, AUTO_INCREMENT=3;

--
-- AUTO_INCREMENT for table `order_items`
--
ALTER TABLE `order_items`
  MODIFY `item_id` int(11) NOT NULL AUTO_INCREMENT, AUTO_INCREMENT=5;

--
-- AUTO_INCREMENT for table `payment_slips`
--
ALTER TABLE `payment_slips`
  MODIFY `id` int(11) NOT NULL AUTO_INCREMENT, AUTO_INCREMENT=5;

--
-- AUTO_INCREMENT for table `products`
--
ALTER TABLE `products`
  MODIFY `p_id` int(7) NOT NULL AUTO_INCREMENT, AUTO_INCREMENT=15;

--
-- AUTO_INCREMENT for table `products_category`
--
ALTER TABLE `products_category`
  MODIFY `pc_id` int(7) NOT NULL AUTO_INCREMENT, AUTO_INCREMENT=5;

--
-- AUTO_INCREMENT for table `recipes`
--
ALTER TABLE `recipes`
  MODIFY `recipe_id` int(11) NOT NULL AUTO_INCREMENT, AUTO_INCREMENT=4;

--
-- AUTO_INCREMENT for table `tags`
--
ALTER TABLE `tags`
  MODIFY `id` int(1) NOT NULL AUTO_INCREMENT, AUTO_INCREMENT=5;

--
-- AUTO_INCREMENT for table `tours`
--
ALTER TABLE `tours`
  MODIFY `tour_id` int(11) NOT NULL AUTO_INCREMENT, AUTO_INCREMENT=22;

--
-- AUTO_INCREMENT for table `tour_bookings`
--
ALTER TABLE `tour_bookings`
  MODIFY `tour_booking_id` int(11) NOT NULL AUTO_INCREMENT, AUTO_INCREMENT=3;

--
-- AUTO_INCREMENT for table `tour_category`
--
ALTER TABLE `tour_category`
  MODIFY `tc_id` int(6) NOT NULL AUTO_INCREMENT, AUTO_INCREMENT=5;

--
-- AUTO_INCREMENT for table `users`
--
ALTER TABLE `users`
  MODIFY `user_id` int(11) NOT NULL AUTO_INCREMENT, AUTO_INCREMENT=10;

--
-- AUTO_INCREMENT for table `user_logs`
--
ALTER TABLE `user_logs`
  MODIFY `log_id` int(11) NOT NULL AUTO_INCREMENT, AUTO_INCREMENT=6;

--
-- Constraints for dumped tables
--

--
-- Constraints for table `admin_logs`
--
ALTER TABLE `admin_logs`
  ADD CONSTRAINT `admin_logs_ibfk_1` FOREIGN KEY (`admin_id`) REFERENCES `administrator` (`a_id`);

--
-- Constraints for table `admin_permissions`
--
ALTER TABLE `admin_permissions`
  ADD CONSTRAINT `admin_permissions_ibfk_1` FOREIGN KEY (`admin_id`) REFERENCES `administrator` (`a_id`);

--
-- Constraints for table `bookings1`
--
ALTER TABLE `bookings1`
  ADD CONSTRAINT `bookings1_ibfk_1` FOREIGN KEY (`customer_id`) REFERENCES `users` (`user_id`),
  ADD CONSTRAINT `bookings1_ibfk_2` FOREIGN KEY (`homestay_id`) REFERENCES `homestays` (`homestay_id`);

--
-- Constraints for table `booking_details`
--
ALTER TABLE `booking_details`
  ADD CONSTRAINT `booking_details_ibfk_1` FOREIGN KEY (`booking_id`) REFERENCES `bookings` (`id`) ON DELETE CASCADE;

--
-- Constraints for table `foods`
--
ALTER TABLE `foods`
  ADD CONSTRAINT `foods_ibfk_1` FOREIGN KEY (`fc_id`) REFERENCES `foods_category` (`fc_id`);

--
-- Constraints for table `guides`
--
ALTER TABLE `guides`
  ADD CONSTRAINT `guides_ibfk_1` FOREIGN KEY (`user_id`) REFERENCES `users` (`user_id`);

--
-- Constraints for table `homestays`
--
ALTER TABLE `homestays`
  ADD CONSTRAINT `homestays_ibfk_1` FOREIGN KEY (`owner_id`) REFERENCES `users` (`user_id`),
  ADD CONSTRAINT `homestays_ibfk_2` FOREIGN KEY (`hc_id`) REFERENCES `homestay_category` (`hc_id`);

--
-- Constraints for table `orders`
--
ALTER TABLE `orders`
  ADD CONSTRAINT `orders_ibfk_1` FOREIGN KEY (`customer_id`) REFERENCES `users` (`user_id`);

--
-- Constraints for table `order_items`
--
ALTER TABLE `order_items`
  ADD CONSTRAINT `order_items_ibfk_1` FOREIGN KEY (`order_id`) REFERENCES `orders` (`order_id`),
  ADD CONSTRAINT `order_items_ibfk_2` FOREIGN KEY (`product_id`) REFERENCES `products` (`p_id`);

--
-- Constraints for table `products`
--
ALTER TABLE `products`
  ADD CONSTRAINT `products_ibfk_1` FOREIGN KEY (`seller_id`) REFERENCES `users` (`user_id`),
  ADD CONSTRAINT `products_ibfk_2` FOREIGN KEY (`pc_id`) REFERENCES `products_category` (`pc_id`);

--
-- Constraints for table `recipes`
--
ALTER TABLE `recipes`
  ADD CONSTRAINT `recipes_ibfk_1` FOREIGN KEY (`chef_id`) REFERENCES `users` (`user_id`);

--
-- Constraints for table `tour_bookings`
--
ALTER TABLE `tour_bookings`
  ADD CONSTRAINT `tour_bookings_ibfk_1` FOREIGN KEY (`customer_id`) REFERENCES `users` (`user_id`),
  ADD CONSTRAINT `tour_bookings_ibfk_2` FOREIGN KEY (`tour_id`) REFERENCES `tours` (`tour_id`);

--
-- Constraints for table `user_logs`
--
ALTER TABLE `user_logs`
  ADD CONSTRAINT `user_logs_ibfk_1` FOREIGN KEY (`user_id`) REFERENCES `users` (`user_id`);
COMMIT;

/*!40101 SET CHARACTER_SET_CLIENT=@OLD_CHARACTER_SET_CLIENT */;
/*!40101 SET CHARACTER_SET_RESULTS=@OLD_CHARACTER_SET_RESULTS */;
/*!40101 SET COLLATION_CONNECTION=@OLD_COLLATION_CONNECTION */;
